model,normalization,representative_seed,universe_id,target,prediction,residual,plotted_y
EvolveGCN-H,none,2025,LH_272,0.2809999883174896,0.2321113795042038,-0.04888860881328583,0.2321113795042038
EvolveGCN-H,none,2025,LH_228,0.4262000024318695,0.4881002902984619,0.06190028786659241,0.4881002902984619
EvolveGCN-H,none,2025,LH_492,0.11299999803304672,0.13311704993247986,0.020117051899433136,0.13311704993247986
EvolveGCN-H,none,2025,LH_165,0.4214000105857849,0.3481510877609253,-0.07324892282485962,0.3481510877609253
EvolveGCN-H,none,2025,LH_373,0.1534000039100647,0.3208337426185608,0.1674337387084961,0.3208337426185608
EvolveGCN-H,none,2025,LH_421,0.17219999432563782,0.3024812638759613,0.1302812695503235,0.3024812638759613
EvolveGCN-H,none,2025,LH_90,0.13300000131130219,0.16276848316192627,0.029768481850624084,0.16276848316192627
EvolveGCN-H,none,2025,LH_295,0.14900000393390656,0.1689193844795227,0.01991938054561615,0.1689193844795227
EvolveGCN-H,none,2025,LH_416,0.43380001187324524,0.3865708112716675,-0.04722920060157776,0.3865708112716675
EvolveGCN-H,none,2025,LH_226,0.16300000250339508,0.2567860186100006,0.09378601610660553,0.2567860186100006
EvolveGCN-H,none,2025,LH_142,0.11779999732971191,0.21309514343738556,0.09529514610767365,0.21309514343738556
EvolveGCN-H,none,2025,LH_391,0.21060000360012054,0.24410685896873474,0.0335068553686142,0.24410685896873474
EvolveGCN-H,none,2025,LH_457,0.3790000081062317,0.29157060384750366,-0.08742940425872803,0.29157060384750366
EvolveGCN-H,none,2025,LH_300,0.2614000141620636,0.39061081409454346,0.12921079993247986,0.39061081409454346
EvolveGCN-H,none,2025,LH_44,0.2962000072002411,0.3268049359321594,0.030604928731918335,0.3268049359321594
EvolveGCN-H,none,2025,LH_188,0.28619998693466187,0.2480078935623169,-0.03819209337234497,0.2480078935623169
EvolveGCN-H,none,2025,LH_282,0.4174000024795532,0.5120717287063599,0.09467172622680664,0.5120717287063599
EvolveGCN-H,none,2025,LH_69,0.241799995303154,0.2863679528236389,0.044567957520484924,0.2863679528236389
EvolveGCN-H,none,2025,LH_401,0.45980000495910645,0.38301217555999756,-0.07678782939910889,0.38301217555999756
EvolveGCN-H,none,2025,LH_59,0.4781999886035919,0.32827314734458923,-0.14992684125900269,0.32827314734458923
EvolveGCN-H,none,2025,LH_16,0.16580000519752502,0.17283405363559723,0.007034048438072205,0.17283405363559723
EvolveGCN-H,none,2025,LH_310,0.19220000505447388,0.3542746305465698,0.16207462549209595,0.3542746305465698
EvolveGCN-H,none,2025,LH_124,0.39419999718666077,0.2754337787628174,-0.11876621842384338,0.2754337787628174
EvolveGCN-H,none,2025,LH_62,0.23899999260902405,0.2417668253183365,0.002766832709312439,0.2417668253183365
EvolveGCN-H,none,2025,LH_106,0.3077999949455261,0.3564469516277313,0.0486469566822052,0.3564469516277313
EvolveGCN-H,none,2025,LH_101,0.2574000060558319,0.3148084878921509,0.05740848183631897,0.3148084878921509
EvolveGCN-H,none,2025,LH_279,0.40939998626708984,0.33132997155189514,-0.0780700147151947,0.33132997155189514
EvolveGCN-H,none,2025,LH_56,0.41659998893737793,0.26958370208740234,-0.14701628684997559,0.26958370208740234
EvolveGCN-H,none,2025,LH_304,0.19259999692440033,0.2314658910036087,0.038865894079208374,0.2314658910036087
EvolveGCN-H,none,2025,LH_15,0.1762000024318695,0.19629287719726562,0.020092874765396118,0.19629287719726562
EvolveGCN-H,none,2025,LH_266,0.24779999256134033,0.2658292055130005,0.018029212951660156,0.2658292055130005
EvolveGCN-H,none,2025,LH_181,0.387800008058548,0.5459194779396057,0.15811946988105774,0.5459194779396057
EvolveGCN-H,none,2025,LH_235,0.26499998569488525,0.33455416560173035,0.06955417990684509,0.33455416560173035
EvolveGCN-H,none,2025,LH_203,0.4918000102043152,0.4539792537689209,-0.03782075643539429,0.4539792537689209
EvolveGCN-H,none,2025,LH_327,0.15060000121593475,0.16282394528388977,0.012223944067955017,0.16282394528388977
EvolveGCN-H,none,2025,LH_400,0.3781999945640564,0.555809736251831,0.17760974168777466,0.555809736251831
EvolveGCN-H,none,2025,LH_402,0.30300000309944153,0.23707450926303864,-0.0659254938364029,0.23707450926303864
EvolveGCN-H,none,2025,LH_116,0.1265999972820282,0.22104215621948242,0.09444215893745422,0.22104215621948242
EvolveGCN-H,none,2025,LH_362,0.45579999685287476,0.5385545492172241,0.08275455236434937,0.5385545492172241
EvolveGCN-H,none,2025,LH_13,0.26899999380111694,0.26649361848831177,-0.0025063753128051758,0.26649361848831177
EvolveGCN-H,none,2025,LH_96,0.35899999737739563,0.3831143379211426,0.024114340543746948,0.3831143379211426
EvolveGCN-H,none,2025,LH_394,0.2078000009059906,0.2314658910036087,0.023665890097618103,0.2314658910036087
EvolveGCN-H,none,2025,LH_99,0.2013999968767166,0.25165849924087524,0.05025850236415863,0.25165849924087524
EvolveGCN-H,none,2025,LH_461,0.4410000145435333,0.38956230878829956,-0.051437705755233765,0.38956230878829956
EvolveGCN-H,none,2025,LH_398,0.13459999859333038,0.20860110223293304,0.07400110363960266,0.20860110223293304
EvolveGCN-H,none,2025,LH_34,0.25380000472068787,0.29146328568458557,0.037663280963897705,0.29146328568458557
EvolveGCN-H,none,2025,LH_261,0.3057999908924103,0.3696467876434326,0.06384679675102234,0.3696467876434326
EvolveGCN-H,none,2025,LH_283,0.45820000767707825,0.360721230506897,-0.09747877717018127,0.360721230506897
EvolveGCN-H,none,2025,LH_14,0.3946000039577484,0.3740110397338867,-0.020588964223861694,0.3740110397338867
EvolveGCN-H,none,2025,LH_313,0.1242000013589859,0.1633903831243515,0.0391903817653656,0.1633903831243515
EvolveGCN-H,none,2025,LH_25,0.32260000705718994,0.3605034053325653,0.037903398275375366,0.3605034053325653
EvolveGCN-H,none,2025,LH_210,0.4318000078201294,0.42223089933395386,-0.009569108486175537,0.42223089933395386
EvolveGCN-H,none,2025,LH_483,0.30379998683929443,0.31222760677337646,0.008427619934082031,0.31222760677337646
EvolveGCN-H,none,2025,LH_489,0.2125999927520752,0.3152990937232971,0.10269910097122192,0.3152990937232971
EvolveGCN-H,none,2025,LH_108,0.49939998984336853,0.3918815851211548,-0.10751840472221375,0.3918815851211548
EvolveGCN-H,none,2025,LH_392,0.30219998955726624,0.22748631238937378,-0.07471367716789246,0.22748631238937378
EvolveGCN-H,none,2025,LH_60,0.42579999566078186,0.2844286859035492,-0.14137130975723267,0.2844286859035492
EvolveGCN-H,none,2025,LH_22,0.1738000065088272,0.20875975489616394,0.03495974838733673,0.20875975489616394
EvolveGCN-H,none,2025,LH_50,0.2590000033378601,0.336919903755188,0.07791990041732788,0.336919903755188
EvolveGCN-H,none,2025,LH_205,0.305400013923645,0.273943156003952,-0.03145685791969299,0.273943156003952
EvolveGCN-H,none,2025,LH_195,0.4697999954223633,0.3968700170516968,-0.0729299783706665,0.3968700170516968
EvolveGCN-H,none,2025,LH_33,0.47780001163482666,0.5049120187759399,0.02711200714111328,0.5049120187759399
EvolveGCN-H,none,2025,LH_118,0.1873999983072281,0.19607117772102356,0.008671179413795471,0.19607117772102356
EvolveGCN-H,none,2025,LH_291,0.3118000030517578,0.35814332962036133,0.046343326568603516,0.35814332962036133
EvolveGCN-H,none,2025,LH_192,0.24740000069141388,0.3676643967628479,0.12026439607143402,0.3676643967628479
EvolveGCN-H,none,2025,LH_190,0.31060001254081726,0.418028324842453,0.10742831230163574,0.418028324842453
EvolveGCN-H,none,2025,LH_0,0.1462000012397766,0.15052005648612976,0.004320055246353149,0.15052005648612976
EvolveGCN-H,none,2025,LH_270,0.11659999936819077,0.16782552003860474,0.05122552067041397,0.16782552003860474
EvolveGCN-H,none,2025,LH_88,0.48100000619888306,0.4908028244972229,0.009802818298339844,0.4908028244972229
EvolveGCN-H,none,2025,LH_484,0.22380000352859497,0.2803049683570862,0.05650496482849121,0.2803049683570862
EvolveGCN-H,none,2025,LH_244,0.18979999423027039,0.19763557612895966,0.00783558189868927,0.19763557612895966
EvolveGCN-H,none,2025,LH_428,0.4941999912261963,0.41104644536972046,-0.08315354585647583,0.41104644536972046
EvolveGCN-H,none,2025,LH_330,0.4758000075817108,0.5398112535476685,0.06401124596595764,0.5398112535476685
EvolveGCN-H,none,2025,LH_42,0.11219999939203262,0.13814392685890198,0.025943927466869354,0.13814392685890198
EvolveGCN-H,none,2025,LH_285,0.32100000977516174,0.33758074045181274,0.016580730676651,0.33758074045181274
EvolveGCN-H,minmax,999,LH_455,0.16820000112056732,0.31519392132759094,0.14699392020702362,0.31519392132759094
EvolveGCN-H,minmax,999,LH_140,0.3725999891757965,0.29594093561172485,-0.07665905356407166,0.29594093561172485
EvolveGCN-H,minmax,999,LH_407,0.25780001282691956,0.31256720423698425,0.0547671914100647,0.31256720423698425
EvolveGCN-H,minmax,999,LH_206,0.31540000438690186,0.2688138484954834,-0.04658615589141846,0.2688138484954834
EvolveGCN-H,minmax,999,LH_118,0.1873999983072281,0.29489487409591675,0.10749487578868866,0.29489487409591675
EvolveGCN-H,minmax,999,LH_439,0.4957999885082245,0.3154231905937195,-0.180376797914505,0.3154231905937195
EvolveGCN-H,minmax,999,LH_369,0.3109999895095825,0.29894351959228516,-0.012056469917297363,0.29894351959228516
EvolveGCN-H,minmax,999,LH_57,0.3874000012874603,0.3150729835033417,-0.07232701778411865,0.3150729835033417
EvolveGCN-H,minmax,999,LH_124,0.39419999718666077,0.24567988514900208,-0.1485201120376587,0.24567988514900208
EvolveGCN-H,minmax,999,LH_28,0.2669999897480011,0.31279101967811584,0.045791029930114746,0.31279101967811584
EvolveGCN-H,minmax,999,LH_383,0.3889999985694885,0.31031596660614014,-0.07868403196334839,0.31031596660614014
EvolveGCN-H,minmax,999,LH_7,0.34380000829696655,0.2945716381072998,-0.04922837018966675,0.2945716381072998
EvolveGCN-H,minmax,999,LH_452,0.22339999675750732,0.346089631319046,0.1226896345615387,0.346089631319046
EvolveGCN-H,minmax,999,LH_255,0.3158000111579895,0.33889782428741455,0.02309781312942505,0.33889782428741455
EvolveGCN-H,minmax,999,LH_334,0.1597999930381775,0.3174396753311157,0.15763968229293823,0.3174396753311157
EvolveGCN-H,minmax,999,LH_338,0.2401999980211258,0.19247493147850037,-0.04772506654262543,0.19247493147850037
EvolveGCN-H,minmax,999,LH_66,0.3041999936103821,0.22151999175548553,-0.08268000185489655,0.22151999175548553
EvolveGCN-H,minmax,999,LH_188,0.28619998693466187,0.22219054400920868,-0.06400944292545319,0.22219054400920868
EvolveGCN-H,minmax,999,LH_381,0.4390000104904175,0.334889680147171,-0.10411033034324646,0.334889680147171
EvolveGCN-H,minmax,999,LH_356,0.15299999713897705,0.15911929309368134,0.006119295954704285,0.15911929309368134
EvolveGCN-H,minmax,999,LH_238,0.33180001378059387,0.31211939454078674,-0.01968061923980713,0.31211939454078674
EvolveGCN-H,minmax,999,LH_304,0.19259999692440033,0.2360564023256302,0.04345640540122986,0.2360564023256302
EvolveGCN-H,minmax,999,LH_282,0.4174000024795532,0.3160443603992462,-0.101355642080307,0.3160443603992462
EvolveGCN-H,minmax,999,LH_44,0.2962000072002411,0.33096039295196533,0.03476038575172424,0.33096039295196533
EvolveGCN-H,minmax,999,LH_84,0.15139999985694885,0.30626368522644043,0.15486368536949158,0.30626368522644043
EvolveGCN-H,minmax,999,LH_169,0.44020000100135803,0.2991461753845215,-0.14105382561683655,0.2991461753845215
EvolveGCN-H,minmax,999,LH_345,0.3393999934196472,0.2920728623867035,-0.047327131032943726,0.2920728623867035
EvolveGCN-H,minmax,999,LH_445,0.3149999976158142,0.31201496720314026,-0.00298503041267395,0.31201496720314026
EvolveGCN-H,minmax,999,LH_95,0.17059999704360962,0.17227184772491455,0.0016718506813049316,0.17227184772491455
EvolveGCN-H,minmax,999,LH_106,0.3077999949455261,0.3106728196144104,0.0028728246688842773,0.3106728196144104
EvolveGCN-H,minmax,999,LH_256,0.4381999969482422,0.2736820578575134,-0.16451793909072876,0.2736820578575134
EvolveGCN-H,minmax,999,LH_447,0.22059999406337738,0.24137479066848755,0.02077479660511017,0.24137479066848755
EvolveGCN-H,minmax,999,LH_328,0.2529999911785126,0.300445556640625,0.04744556546211243,0.300445556640625
EvolveGCN-H,minmax,999,LH_102,0.14980000257492065,0.14154484868049622,-0.008255153894424438,0.14154484868049622
EvolveGCN-H,minmax,999,LH_12,0.2913999855518341,0.2060641497373581,-0.08533583581447601,0.2060641497373581
EvolveGCN-H,minmax,999,LH_138,0.39739999175071716,0.2746981680393219,-0.12270182371139526,0.2746981680393219
EvolveGCN-H,minmax,999,LH_38,0.4618000090122223,0.31970131397247314,-0.14209869503974915,0.31970131397247314
EvolveGCN-H,minmax,999,LH_205,0.305400013923645,0.34093526005744934,0.03553524613380432,0.34093526005744934
EvolveGCN-H,minmax,999,LH_323,0.45660001039505005,0.3173581659793854,-0.13924184441566467,0.3173581659793854
EvolveGCN-H,minmax,999,LH_426,0.3346000015735626,0.2934863865375519,-0.04111361503601074,0.2934863865375519
EvolveGCN-H,minmax,999,LH_116,0.1265999972820282,0.2330661416053772,0.106466144323349,0.2330661416053772
EvolveGCN-H,minmax,999,LH_401,0.45980000495910645,0.3302426338195801,-0.12955737113952637,0.3302426338195801
EvolveGCN-H,minmax,999,LH_450,0.3837999999523163,0.3037368059158325,-0.08006319403648376,0.3037368059158325
EvolveGCN-H,minmax,999,LH_203,0.4918000102043152,0.31982892751693726,-0.17197108268737793,0.31982892751693726
EvolveGCN-H,minmax,999,LH_129,0.43299999833106995,0.31070420145988464,-0.1222957968711853,0.31070420145988464
EvolveGCN-H,minmax,999,LH_399,0.227400004863739,0.3563241958618164,0.1289241909980774,0.3563241958618164
EvolveGCN-H,minmax,999,LH_359,0.24500000476837158,0.33584755659103394,0.09084755182266235,0.33584755659103394
EvolveGCN-H,minmax,999,LH_27,0.38179999589920044,0.2960611581802368,-0.08573883771896362,0.2960611581802368
EvolveGCN-H,minmax,999,LH_292,0.4925999939441681,0.31863248348236084,-0.17396751046180725,0.31863248348236084
EvolveGCN-H,minmax,999,LH_135,0.10700000077486038,0.2939440608024597,0.18694406002759933,0.2939440608024597
EvolveGCN-H,minmax,999,LH_76,0.3977999985218048,0.3453054428100586,-0.052494555711746216,0.3453054428100586
EvolveGCN-H,minmax,999,LH_96,0.35899999737739563,0.3418216109275818,-0.017178386449813843,0.3418216109275818
EvolveGCN-H,minmax,999,LH_428,0.4941999912261963,0.3336172103881836,-0.1605827808380127,0.3336172103881836
EvolveGCN-H,minmax,999,LH_330,0.4758000075817108,0.33508557081222534,-0.14071443676948547,0.33508557081222534
EvolveGCN-H,minmax,999,LH_49,0.22779999673366547,0.3437733054161072,0.11597330868244171,0.3437733054161072
EvolveGCN-H,minmax,999,LH_419,0.2994000017642975,0.2926297187805176,-0.006770282983779907,0.2926297187805176
EvolveGCN-H,minmax,999,LH_432,0.46700000762939453,0.3255923092365265,-0.14140769839286804,0.3255923092365265
EvolveGCN-H,minmax,999,LH_484,0.22380000352859497,0.2802045941352844,0.05640459060668945,0.2802045941352844
EvolveGCN-H,minmax,999,LH_406,0.2526000142097473,0.3261500597000122,0.07355004549026489,0.3261500597000122
EvolveGCN-H,minmax,999,LH_329,0.20499999821186066,0.2728577256202698,0.06785772740840912,0.2728577256202698
EvolveGCN-H,minmax,999,LH_162,0.47380000352859497,0.24134881794452667,-0.2324511855840683,0.24134881794452667
EvolveGCN-H,minmax,999,LH_331,0.45899999141693115,0.311422199010849,-0.14757779240608215,0.311422199010849
EvolveGCN-H,minmax,999,LH_408,0.358599990606308,0.30557331442832947,-0.053026676177978516,0.30557331442832947
EvolveGCN-H,minmax,999,LH_449,0.41620001196861267,0.3163806200027466,-0.09981939196586609,0.3163806200027466
EvolveGCN-H,minmax,999,LH_67,0.14740000665187836,0.322759211063385,0.17535920441150665,0.322759211063385
EvolveGCN-H,minmax,999,LH_247,0.19419999420642853,0.2791164517402649,0.08491645753383636,0.2791164517402649
EvolveGCN-H,minmax,999,LH_251,0.41179999709129333,0.28464317321777344,-0.1271568238735199,0.28464317321777344
EvolveGCN-H,minmax,999,LH_273,0.18299999833106995,0.3147614896297455,0.13176149129867554,0.3147614896297455
EvolveGCN-H,minmax,999,LH_293,0.2978000044822693,0.3039661943912506,0.006166189908981323,0.3039661943912506
EvolveGCN-H,minmax,999,LH_290,0.37139999866485596,0.3234354853630066,-0.047964513301849365,0.3234354853630066
EvolveGCN-H,minmax,999,LH_446,0.17180000245571136,0.2689554989337921,0.09715549647808075,0.2689554989337921
EvolveGCN-H,minmax,999,LH_458,0.23340000212192535,0.30828431248664856,0.0748843103647232,0.30828431248664856
EvolveGCN-H,minmax,999,LH_40,0.27379998564720154,0.2756003141403198,0.0018003284931182861,0.2756003141403198
EvolveGCN-H,minmax,999,LH_347,0.1889999955892563,0.31099700927734375,0.12199701368808746,0.31099700927734375
EvolveGCN-H,minmax,999,LH_400,0.3781999945640564,0.32991111278533936,-0.04828888177871704,0.32991111278533936
EvolveGCN-H,zscore,123,LH_222,0.11020000278949738,0.2543664276599884,0.14416642487049103,0.2543664276599884
EvolveGCN-H,zscore,123,LH_262,0.2766000032424927,0.23721875250339508,-0.039381250739097595,0.23721875250339508
EvolveGCN-H,zscore,123,LH_330,0.4758000075817108,0.3373924791812897,-0.13840752840042114,0.3373924791812897
EvolveGCN-H,zscore,123,LH_444,0.17579999566078186,0.28903448581695557,0.1132344901561737,0.28903448581695557
EvolveGCN-H,zscore,123,LH_203,0.4918000102043152,0.3155689835548401,-0.1762310266494751,0.3155689835548401
EvolveGCN-H,zscore,123,LH_6,0.12020000070333481,0.30953988432884216,0.18933988362550735,0.30953988432884216
EvolveGCN-H,zscore,123,LH_472,0.3601999878883362,0.33603325486183167,-0.024166733026504517,0.33603325486183167
EvolveGCN-H,zscore,123,LH_414,0.29820001125335693,0.27253925800323486,-0.02566075325012207,0.27253925800323486
EvolveGCN-H,zscore,123,LH_289,0.20739999413490295,0.30383390188217163,0.09643390774726868,0.30383390188217163
EvolveGCN-H,zscore,123,LH_269,0.3529999852180481,0.2806153893470764,-0.07238459587097168,0.2806153893470764
EvolveGCN-H,zscore,123,LH_327,0.15060000121593475,0.2831207513809204,0.13252075016498566,0.2831207513809204
EvolveGCN-H,zscore,123,LH_311,0.10859999805688858,0.2857644557952881,0.1771644577383995,0.2857644557952881
EvolveGCN-H,zscore,123,LH_420,0.4625999927520752,0.31216874718666077,-0.15043124556541443,0.31216874718666077
EvolveGCN-H,zscore,123,LH_105,0.2754000127315521,0.28817492723464966,0.012774914503097534,0.28817492723464966
EvolveGCN-H,zscore,123,LH_247,0.19419999420642853,0.3028111159801483,0.10861112177371979,0.3028111159801483
EvolveGCN-H,zscore,123,LH_410,0.40779998898506165,0.3171745240688324,-0.09062546491622925,0.3171745240688324
EvolveGCN-H,zscore,123,LH_267,0.11940000206232071,0.30106258392333984,0.18166258186101913,0.30106258392333984
EvolveGCN-H,zscore,123,LH_175,0.38499999046325684,0.3038389980792999,-0.08116099238395691,0.3038389980792999
EvolveGCN-H,zscore,123,LH_156,0.16699999570846558,0.2671266794204712,0.10012668371200562,0.2671266794204712
EvolveGCN-H,zscore,123,LH_496,0.27619999647140503,0.23099052906036377,-0.04520946741104126,0.23099052906036377
EvolveGCN-H,zscore,123,LH_18,0.4578000009059906,0.3102225661277771,-0.1475774347782135,0.3102225661277771
EvolveGCN-H,zscore,123,LH_428,0.4941999912261963,0.3209916055202484,-0.17320838570594788,0.3209916055202484
EvolveGCN-H,zscore,123,LH_240,0.24379999935626984,0.2334187924861908,-0.01038120687007904,0.2334187924861908
EvolveGCN-H,zscore,123,LH_135,0.10700000077486038,0.27319830656051636,0.16619830578565598,0.27319830656051636
EvolveGCN-H,zscore,123,LH_244,0.18979999423027039,0.2736344337463379,0.0838344395160675,0.2736344337463379
EvolveGCN-H,zscore,123,LH_293,0.2978000044822693,0.31634920835494995,0.018549203872680664,0.31634920835494995
EvolveGCN-H,zscore,123,LH_220,0.35339999198913574,0.27021363377571106,-0.08318635821342468,0.27021363377571106
EvolveGCN-H,zscore,123,LH_149,0.10899999737739563,0.3438955545425415,0.23489555716514587,0.3438955545425415
EvolveGCN-H,zscore,123,LH_10,0.16019999980926514,0.31071922183036804,0.1505192220211029,0.31071922183036804
EvolveGCN-H,zscore,123,LH_404,0.29019999504089355,0.293082058429718,0.002882063388824463,0.293082058429718
EvolveGCN-H,zscore,123,LH_64,0.17739999294281006,0.28638434410095215,0.10898435115814209,0.28638434410095215
EvolveGCN-H,zscore,123,LH_72,0.2101999968290329,0.3045710325241089,0.09437103569507599,0.3045710325241089
EvolveGCN-H,zscore,123,LH_341,0.26339998841285706,0.2565443217754364,-0.006855666637420654,0.2565443217754364
EvolveGCN-H,zscore,123,LH_47,0.4189999997615814,0.3025030493736267,-0.11649695038795471,0.3025030493736267
EvolveGCN-H,zscore,123,LH_22,0.1738000065088272,0.3417889475822449,0.16798894107341766,0.3417889475822449
EvolveGCN-H,zscore,123,LH_52,0.4138000011444092,0.3342168629169464,-0.07958313822746277,0.3342168629169464
EvolveGCN-H,zscore,123,LH_229,0.11500000208616257,0.25766074657440186,0.1426607444882393,0.25766074657440186
EvolveGCN-H,zscore,123,LH_374,0.3693999946117401,0.3192785084247589,-0.0501214861869812,0.3192785084247589
EvolveGCN-H,zscore,123,LH_161,0.10419999808073044,0.265077143907547,0.16087714582681656,0.265077143907547
EvolveGCN-H,zscore,123,LH_3,0.23980000615119934,0.3043496608734131,0.06454965472221375,0.3043496608734131
EvolveGCN-H,zscore,123,LH_35,0.272599995136261,0.27623260021209717,0.0036326050758361816,0.27623260021209717
EvolveGCN-H,zscore,123,LH_193,0.38420000672340393,0.31926411390304565,-0.06493589282035828,0.31926411390304565
EvolveGCN-H,zscore,123,LH_305,0.4569999873638153,0.33800387382507324,-0.11899611353874207,0.33800387382507324
EvolveGCN-H,zscore,123,LH_449,0.41620001196861267,0.30450859665870667,-0.111691415309906,0.30450859665870667
EvolveGCN-H,zscore,123,LH_497,0.2770000100135803,0.29879939556121826,0.02179938554763794,0.29879939556121826
EvolveGCN-H,zscore,123,LH_396,0.3578000068664551,0.3204154968261719,-0.0373845100402832,0.3204154968261719
EvolveGCN-H,zscore,123,LH_223,0.4406000077724457,0.2282375991344452,-0.2123624086380005,0.2282375991344452
EvolveGCN-H,zscore,123,LH_463,0.3418000042438507,0.2660030722618103,-0.0757969319820404,0.2660030722618103
EvolveGCN-H,zscore,123,LH_0,0.1462000012397766,0.2499089539051056,0.10370895266532898,0.2499089539051056
EvolveGCN-H,zscore,123,LH_83,0.3357999920845032,0.2574883699417114,-0.07831162214279175,0.2574883699417114
EvolveGCN-H,zscore,123,LH_125,0.41019999980926514,0.2758861482143402,-0.13431385159492493,0.2758861482143402
EvolveGCN-H,zscore,123,LH_359,0.24500000476837158,0.28936874866485596,0.044368743896484375,0.28936874866485596
EvolveGCN-H,zscore,123,LH_485,0.19820000231266022,0.26100659370422363,0.06280659139156342,0.26100659370422363
EvolveGCN-H,zscore,123,LH_486,0.46459999680519104,0.342398077249527,-0.12220191955566406,0.342398077249527
EvolveGCN-H,zscore,123,LH_172,0.3901999890804291,0.3106461465358734,-0.07955384254455566,0.3106461465358734
EvolveGCN-H,zscore,123,LH_69,0.241799995303154,0.2533644139766693,0.01156441867351532,0.2533644139766693
EvolveGCN-H,zscore,123,LH_81,0.32339999079704285,0.3373892903327942,0.013989299535751343,0.3373892903327942
EvolveGCN-H,zscore,123,LH_499,0.23819999396800995,0.2585480213165283,0.02034802734851837,0.2585480213165283
EvolveGCN-H,zscore,123,LH_436,0.4729999899864197,0.24069012701511383,-0.23230986297130585,0.24069012701511383
EvolveGCN-H,zscore,123,LH_174,0.4302000105381012,0.3245319724082947,-0.10566803812980652,0.3245319724082947
EvolveGCN-H,zscore,123,LH_170,0.35580000281333923,0.31378689408302307,-0.04201310873031616,0.31378689408302307
EvolveGCN-H,zscore,123,LH_287,0.43059998750686646,0.2677716016769409,-0.16282838582992554,0.2677716016769409
EvolveGCN-H,zscore,123,LH_274,0.2750000059604645,0.27972647547721863,0.00472646951675415,0.27972647547721863
EvolveGCN-H,zscore,123,LH_194,0.41499999165534973,0.27664172649383545,-0.13835826516151428,0.27664172649383545
EvolveGCN-H,zscore,123,LH_19,0.3061999976634979,0.2734808027744293,-0.032719194889068604,0.2734808027744293
EvolveGCN-H,zscore,123,LH_447,0.22059999406337738,0.2875351905822754,0.06693519651889801,0.2875351905822754
EvolveGCN-H,zscore,123,LH_461,0.4410000145435333,0.30073124170303345,-0.14026877284049988,0.30073124170303345
EvolveGCN-H,zscore,123,LH_429,0.34540000557899475,0.2674543559551239,-0.07794564962387085,0.2674543559551239
EvolveGCN-H,zscore,123,LH_55,0.19020000100135803,0.2798203229904175,0.08962032198905945,0.2798203229904175
EvolveGCN-H,zscore,123,LH_136,0.20340000092983246,0.30883151292800903,0.10543151199817657,0.30883151292800903
EvolveGCN-H,zscore,123,LH_208,0.2937999963760376,0.2768985629081726,-0.01690143346786499,0.2768985629081726
EvolveGCN-H,zscore,123,LH_393,0.2502000033855438,0.3238995671272278,0.07369956374168396,0.3238995671272278
EvolveGCN-H,zscore,123,LH_44,0.2962000072002411,0.33583855628967285,0.03963854908943176,0.33583855628967285
EvolveGCN-H,zscore,123,LH_137,0.3709999918937683,0.29533785581588745,-0.07566213607788086,0.29533785581588745
EvolveGCN-H,zscore,123,LH_26,0.17980000376701355,0.259854793548584,0.08005478978157043,0.259854793548584
Static GCN,none,777,LH_131,0.40860000252723694,0.5040653347969055,0.09546533226966858,0.5040653347969055
Static GCN,none,777,LH_224,0.4374000132083893,0.4377126693725586,0.0003126561641693115,0.4377126693725586
Static GCN,none,777,LH_5,0.11739999800920486,0.19761425256729126,0.0802142545580864,0.19761425256729126
Static GCN,none,777,LH_86,0.2345999926328659,0.1938847005367279,-0.040715292096138,0.1938847005367279
Static GCN,none,777,LH_230,0.10300000011920929,0.18948478996753693,0.08648478984832764,0.18948478996753693
Static GCN,none,777,LH_483,0.30379998683929443,0.2424682229757309,-0.06133176386356354,0.2424682229757309
Static GCN,none,777,LH_48,0.4765999913215637,0.43792885541915894,-0.038671135902404785,0.43792885541915894
Static GCN,none,777,LH_254,0.4002000093460083,0.3993792235851288,-0.0008207857608795166,0.3993792235851288
Static GCN,none,777,LH_353,0.3458000123500824,0.3144266605377197,-0.03137335181236267,0.3144266605377197
Static GCN,none,777,LH_396,0.3578000068664551,0.35665857791900635,-0.0011414289474487305,0.35665857791900635
Static GCN,none,777,LH_140,0.3725999891757965,0.40020668506622314,0.027606695890426636,0.40020668506622314
Static GCN,none,777,LH_338,0.2401999980211258,0.2221299558877945,-0.0180700421333313,0.2221299558877945
Static GCN,none,777,LH_470,0.3102000057697296,0.4029838442802429,0.0927838385105133,0.4029838442802429
Static GCN,none,777,LH_279,0.40939998626708984,0.32530778646469116,-0.08409219980239868,0.32530778646469116
Static GCN,none,777,LH_474,0.4713999927043915,0.3992237448692322,-0.0721762478351593,0.3992237448692322
Static GCN,none,777,LH_269,0.3529999852180481,0.3231765627861023,-0.0298234224319458,0.3231765627861023
Static GCN,none,777,LH_464,0.21140000224113464,0.23496653139591217,0.023566529154777527,0.23496653139591217
Static GCN,none,777,LH_75,0.13779999315738678,0.17181526124477386,0.034015268087387085,0.17181526124477386
Static GCN,none,777,LH_312,0.1754000037908554,0.19985473155975342,0.02445472776889801,0.19985473155975342
Static GCN,none,777,LH_178,0.22139999270439148,0.22099089622497559,-0.00040909647941589355,0.22099089622497559
Static GCN,none,777,LH_17,0.2802000045776367,0.19418127834796906,-0.08601872622966766,0.19418127834796906
Static GCN,none,777,LH_411,0.28540000319480896,0.34696006774902344,0.06156006455421448,0.34696006774902344
Static GCN,none,777,LH_300,0.2614000141620636,0.3019881844520569,0.040588170289993286,0.3019881844520569
Static GCN,none,777,LH_212,0.26660001277923584,0.37294256687164307,0.10634255409240723,0.37294256687164307
Static GCN,none,777,LH_420,0.4625999927520752,0.41978561878204346,-0.04281437397003174,0.41978561878204346
Static GCN,none,777,LH_415,0.44620001316070557,0.3656776547431946,-0.08052235841751099,0.3656776547431946
Static GCN,none,777,LH_416,0.43380001187324524,0.3701182007789612,-0.06368181109428406,0.3701182007789612
Static GCN,none,777,LH_64,0.17739999294281006,0.17565809190273285,-0.0017419010400772095,0.17565809190273285
Static GCN,none,777,LH_256,0.4381999969482422,0.45578569173812866,0.017585694789886475,0.45578569173812866
Static GCN,none,777,LH_159,0.28780001401901245,0.2402222752571106,-0.047577738761901855,0.2402222752571106
Static GCN,none,777,LH_107,0.4185999929904938,0.41770803928375244,-0.000891953706741333,0.41770803928375244
Static GCN,none,777,LH_445,0.3149999976158142,0.3264501094818115,0.011450111865997314,0.3264501094818115
Static GCN,none,777,LH_341,0.26339998841285706,0.3564838767051697,0.09308388829231262,0.3564838767051697
Static GCN,none,777,LH_322,0.10499999672174454,0.13890007138252258,0.033900074660778046,0.13890007138252258
Static GCN,none,777,LH_54,0.3846000134944916,0.4412696361541748,0.05666962265968323,0.4412696361541748
Static GCN,none,777,LH_136,0.20340000092983246,0.2754887044429779,0.07208870351314545,0.2754887044429779
Static GCN,none,777,LH_299,0.2797999978065491,0.31198960542678833,0.03218960762023926,0.31198960542678833
Static GCN,none,777,LH_480,0.21459999680519104,0.26813000440597534,0.0535300076007843,0.26813000440597534
Static GCN,none,777,LH_173,0.43779999017715454,0.40269601345062256,-0.03510397672653198,0.40269601345062256
Static GCN,none,777,LH_295,0.14900000393390656,0.10980769991874695,-0.03919230401515961,0.10980769991874695
Static GCN,none,777,LH_329,0.20499999821186066,0.18160878121852875,-0.02339121699333191,0.18160878121852875
Static GCN,none,777,LH_428,0.4941999912261963,0.4147607088088989,-0.07943928241729736,0.4147607088088989
Static GCN,none,777,LH_0,0.1462000012397766,0.12880611419677734,-0.017393887042999268,0.12880611419677734
Static GCN,none,777,LH_486,0.46459999680519104,0.3584546446800232,-0.10614535212516785,0.3584546446800232
Static GCN,none,777,LH_378,0.11819999665021896,0.18135273456573486,0.0631527379155159,0.18135273456573486
Static GCN,none,777,LH_438,0.41339999437332153,0.3813399076461792,-0.032060086727142334,0.3813399076461792
Static GCN,none,777,LH_53,0.16859999299049377,0.26455244421958923,0.09595245122909546,0.26455244421958923
Static GCN,none,777,LH_170,0.35580000281333923,0.28884297609329224,-0.066957026720047,0.28884297609329224
Static GCN,none,777,LH_454,0.11580000072717667,0.15153950452804565,0.03573950380086899,0.15153950452804565
Static GCN,none,777,LH_39,0.31779998540878296,0.31384217739105225,-0.003957808017730713,0.31384217739105225
Static GCN,none,777,LH_354,0.40059998631477356,0.397976279258728,-0.0026237070560455322,0.397976279258728
Static GCN,none,777,LH_58,0.19140000641345978,0.2191384881734848,0.027738481760025024,0.2191384881734848
Static GCN,none,777,LH_475,0.28700000047683716,0.20534004271030426,-0.0816599577665329,0.20534004271030426
Static GCN,none,777,LH_61,0.17499999701976776,0.21741747856140137,0.042417481541633606,0.21741747856140137
Static GCN,none,777,LH_448,0.2773999869823456,0.19788141548633575,-0.07951857149600983,0.19788141548633575
Static GCN,none,777,LH_147,0.35019999742507935,0.3470331132411957,-0.003166884183883667,0.3470331132411957
Static GCN,none,777,LH_307,0.375,0.30462080240249634,-0.07037919759750366,0.30462080240249634
Static GCN,none,777,LH_199,0.4334000051021576,0.376004695892334,-0.05739530920982361,0.376004695892334
Static GCN,none,777,LH_280,0.34139999747276306,0.3393213152885437,-0.0020786821842193604,0.3393213152885437
Static GCN,none,777,LH_318,0.4997999966144562,0.3602459132671356,-0.13955408334732056,0.3602459132671356
Static GCN,none,777,LH_342,0.10939999669790268,0.13075028359889984,0.021350286900997162,0.13075028359889984
Static GCN,none,777,LH_467,0.23019999265670776,0.21058803796768188,-0.01961195468902588,0.21058803796768188
Static GCN,none,777,LH_497,0.2770000100135803,0.3053038716316223,0.028303861618041992,0.3053038716316223
Static GCN,none,777,LH_472,0.3601999878883362,0.3069189786911011,-0.05328100919723511,0.3069189786911011
Static GCN,none,777,LH_20,0.13979999721050262,0.1298385113477707,-0.009961485862731934,0.1298385113477707
Static GCN,none,777,LH_385,0.17020000517368317,0.18380679190158844,0.013606786727905273,0.18380679190158844
Static GCN,none,777,LH_275,0.34700000286102295,0.3945208489894867,0.047520846128463745,0.3945208489894867
Static GCN,none,777,LH_172,0.3901999890804291,0.3684208393096924,-0.021779149770736694,0.3684208393096924
Static GCN,none,777,LH_425,0.4745999872684479,0.4330422282218933,-0.041557759046554565,0.4330422282218933
Static GCN,none,777,LH_138,0.39739999175071716,0.34909242391586304,-0.048307567834854126,0.34909242391586304
Static GCN,none,777,LH_294,0.2558000087738037,0.1920643448829651,-0.06373566389083862,0.1920643448829651
Static GCN,none,777,LH_188,0.28619998693466187,0.24585562944412231,-0.04034435749053955,0.24585562944412231
Static GCN,none,777,LH_498,0.2637999951839447,0.30928835272789,0.04548835754394531,0.30928835272789
Static GCN,none,777,LH_228,0.4262000024318695,0.4039630591869354,-0.022236943244934082,0.4039630591869354
Static GCN,none,777,LH_117,0.2930000126361847,0.28272557258605957,-0.010274440050125122,0.28272557258605957
Static GCN,minmax,777,LH_131,0.40860000252723694,0.33802616596221924,-0.0705738365650177,0.33802616596221924
Static GCN,minmax,777,LH_224,0.4374000132083893,0.3044472336769104,-0.13295277953147888,0.3044472336769104
Static GCN,minmax,777,LH_5,0.11739999800920486,0.33405792713165283,0.21665792912244797,0.33405792713165283
Static GCN,minmax,777,LH_86,0.2345999926328659,0.3034682869911194,0.06886829435825348,0.3034682869911194
Static GCN,minmax,777,LH_230,0.10300000011920929,0.2898724675178528,0.1868724673986435,0.2898724675178528
Static GCN,minmax,777,LH_483,0.30379998683929443,0.3079026937484741,0.0041027069091796875,0.3079026937484741
Static GCN,minmax,777,LH_48,0.4765999913215637,0.31135523319244385,-0.16524475812911987,0.31135523319244385
Static GCN,minmax,777,LH_254,0.4002000093460083,0.3008401095867157,-0.0993598997592926,0.3008401095867157
Static GCN,minmax,777,LH_353,0.3458000123500824,0.3111930191516876,-0.034606993198394775,0.3111930191516876
Static GCN,minmax,777,LH_396,0.3578000068664551,0.32454943656921387,-0.03325057029724121,0.32454943656921387
Static GCN,minmax,777,LH_140,0.3725999891757965,0.3131335973739624,-0.059466391801834106,0.3131335973739624
Static GCN,minmax,777,LH_338,0.2401999980211258,0.2873266637325287,0.04712666571140289,0.2873266637325287
Static GCN,minmax,777,LH_470,0.3102000057697296,0.28754040598869324,-0.022659599781036377,0.28754040598869324
Static GCN,minmax,777,LH_279,0.40939998626708984,0.3107515573501587,-0.09864842891693115,0.3107515573501587
Static GCN,minmax,777,LH_474,0.4713999927043915,0.29704993963241577,-0.1743500530719757,0.29704993963241577
Static GCN,minmax,777,LH_269,0.3529999852180481,0.2905479371547699,-0.0624520480632782,0.2905479371547699
Static GCN,minmax,777,LH_464,0.21140000224113464,0.30657273530960083,0.09517273306846619,0.30657273530960083
Static GCN,minmax,777,LH_75,0.13779999315738678,0.30338913202285767,0.1655891388654709,0.30338913202285767
Static GCN,minmax,777,LH_312,0.1754000037908554,0.28734809160232544,0.11194808781147003,0.28734809160232544
Static GCN,minmax,777,LH_178,0.22139999270439148,0.29894566535949707,0.07754567265510559,0.29894566535949707
Static GCN,minmax,777,LH_17,0.2802000045776367,0.28766655921936035,0.007466554641723633,0.28766655921936035
Static GCN,minmax,777,LH_411,0.28540000319480896,0.29271548986434937,0.007315486669540405,0.29271548986434937
Static GCN,minmax,777,LH_300,0.2614000141620636,0.29358282685279846,0.03218281269073486,0.29358282685279846
Static GCN,minmax,777,LH_212,0.26660001277923584,0.29433608055114746,0.02773606777191162,0.29433608055114746
Static GCN,minmax,777,LH_420,0.4625999927520752,0.3151475489139557,-0.1474524438381195,0.3151475489139557
Static GCN,minmax,777,LH_415,0.44620001316070557,0.28730523586273193,-0.15889477729797363,0.28730523586273193
Static GCN,minmax,777,LH_416,0.43380001187324524,0.3384680151939392,-0.09533199667930603,0.3384680151939392
Static GCN,minmax,777,LH_64,0.17739999294281006,0.3339524269104004,0.15655243396759033,0.3339524269104004
Static GCN,minmax,777,LH_256,0.4381999969482422,0.2999904155731201,-0.13820958137512207,0.2999904155731201
Static GCN,minmax,777,LH_159,0.28780001401901245,0.3195570707321167,0.03175705671310425,0.3195570707321167
Static GCN,minmax,777,LH_107,0.4185999929904938,0.28739964962005615,-0.13120034337043762,0.28739964962005615
Static GCN,minmax,777,LH_445,0.3149999976158142,0.33202433586120605,0.017024338245391846,0.33202433586120605
Static GCN,minmax,777,LH_341,0.26339998841285706,0.31810182332992554,0.05470183491706848,0.31810182332992554
Static GCN,minmax,777,LH_322,0.10499999672174454,0.30296069383621216,0.19796069711446762,0.30296069383621216
Static GCN,minmax,777,LH_54,0.3846000134944916,0.3067980408668518,-0.07780197262763977,0.3067980408668518
Static GCN,minmax,777,LH_136,0.20340000092983246,0.3178160786628723,0.11441607773303986,0.3178160786628723
Static GCN,minmax,777,LH_299,0.2797999978065491,0.3173363208770752,0.03753632307052612,0.3173363208770752
Static GCN,minmax,777,LH_480,0.21459999680519104,0.31777268648147583,0.10317268967628479,0.31777268648147583
Static GCN,minmax,777,LH_173,0.43779999017715454,0.2996751666069031,-0.13812482357025146,0.2996751666069031
Static GCN,minmax,777,LH_295,0.14900000393390656,0.28744056820869446,0.1384405642747879,0.28744056820869446
Static GCN,minmax,777,LH_329,0.20499999821186066,0.31259530782699585,0.10759530961513519,0.31259530782699585
Static GCN,minmax,777,LH_428,0.4941999912261963,0.32943254709243774,-0.16476744413375854,0.32943254709243774
Static GCN,minmax,777,LH_0,0.1462000012397766,0.33180204033851624,0.18560203909873962,0.33180204033851624
Static GCN,minmax,777,LH_486,0.46459999680519104,0.30309438705444336,-0.16150560975074768,0.30309438705444336
Static GCN,minmax,777,LH_378,0.11819999665021896,0.3004222512245178,0.18222225457429886,0.3004222512245178
Static GCN,minmax,777,LH_438,0.41339999437332153,0.30989521741867065,-0.10350477695465088,0.30989521741867065
Static GCN,minmax,777,LH_53,0.16859999299049377,0.3219950199127197,0.15339502692222595,0.3219950199127197
Static GCN,minmax,777,LH_170,0.35580000281333923,0.2931032180786133,-0.06269678473472595,0.2931032180786133
Static GCN,minmax,777,LH_454,0.11580000072717667,0.33585602045059204,0.22005601972341537,0.33585602045059204
Static GCN,minmax,777,LH_39,0.31779998540878296,0.3348568081855774,0.017056822776794434,0.3348568081855774
Static GCN,minmax,777,LH_354,0.40059998631477356,0.2874784767627716,-0.11312150955200195,0.2874784767627716
Static GCN,minmax,777,LH_58,0.19140000641345978,0.29563045501708984,0.10423044860363007,0.29563045501708984
Static GCN,minmax,777,LH_475,0.28700000047683716,0.2955738306045532,0.008573830127716064,0.2955738306045532
Static GCN,minmax,777,LH_61,0.17499999701976776,0.28767168521881104,0.11267168819904327,0.28767168521881104
Static GCN,minmax,777,LH_448,0.2773999869823456,0.31668663024902344,0.039286643266677856,0.31668663024902344
Static GCN,minmax,777,LH_147,0.35019999742507935,0.31541740894317627,-0.034782588481903076,0.31541740894317627
Static GCN,minmax,777,LH_307,0.375,0.2951089143753052,-0.07989108562469482,0.2951089143753052
Static GCN,minmax,777,LH_199,0.4334000051021576,0.29337549209594727,-0.14002451300621033,0.29337549209594727
Static GCN,minmax,777,LH_280,0.34139999747276306,0.30263322591781616,-0.0387667715549469,0.30263322591781616
Static GCN,minmax,777,LH_318,0.4997999966144562,0.30869942903518677,-0.1911005675792694,0.30869942903518677
Static GCN,minmax,777,LH_342,0.10939999669790268,0.29455703496932983,0.18515703827142715,0.29455703496932983
Static GCN,minmax,777,LH_467,0.23019999265670776,0.3454960584640503,0.11529606580734253,0.3454960584640503
Static GCN,minmax,777,LH_497,0.2770000100135803,0.3227139711380005,0.045713961124420166,0.3227139711380005
Static GCN,minmax,777,LH_472,0.3601999878883362,0.29242849349975586,-0.06777149438858032,0.29242849349975586
Static GCN,minmax,777,LH_20,0.13979999721050262,0.29741111397743225,0.15761111676692963,0.29741111397743225
Static GCN,minmax,777,LH_385,0.17020000517368317,0.3229558765888214,0.15275587141513824,0.3229558765888214
Static GCN,minmax,777,LH_275,0.34700000286102295,0.28738898038864136,-0.05961102247238159,0.28738898038864136
Static GCN,minmax,777,LH_172,0.3901999890804291,0.2901320457458496,-0.10006794333457947,0.2901320457458496
Static GCN,minmax,777,LH_425,0.4745999872684479,0.2903520464897156,-0.1842479407787323,0.2903520464897156
Static GCN,minmax,777,LH_138,0.39739999175071716,0.3326653838157654,-0.06473460793495178,0.3326653838157654
Static GCN,minmax,777,LH_294,0.2558000087738037,0.2929767966270447,0.03717678785324097,0.2929767966270447
Static GCN,minmax,777,LH_188,0.28619998693466187,0.2874571681022644,0.001257181167602539,0.2874571681022644
Static GCN,minmax,777,LH_498,0.2637999951839447,0.3102371394634247,0.04643714427947998,0.3102371394634247
Static GCN,minmax,777,LH_228,0.4262000024318695,0.2926289439201355,-0.133571058511734,0.2926289439201355
Static GCN,minmax,777,LH_117,0.2930000126361847,0.286984384059906,-0.0060156285762786865,0.286984384059906
Static GCN,zscore,777,LH_131,0.40860000252723694,0.3020103871822357,-0.10658961534500122,0.3020103871822357
Static GCN,zscore,777,LH_224,0.4374000132083893,0.2742224931716919,-0.1631775200366974,0.2742224931716919
Static GCN,zscore,777,LH_5,0.11739999800920486,0.23749130964279175,0.12009131163358688,0.23749130964279175
Static GCN,zscore,777,LH_86,0.2345999926328659,0.32505279779434204,0.09045280516147614,0.32505279779434204
Static GCN,zscore,777,LH_230,0.10300000011920929,0.2627052068710327,0.15970520675182343,0.2627052068710327
Static GCN,zscore,777,LH_483,0.30379998683929443,0.2867303490638733,-0.017069637775421143,0.2867303490638733
Static GCN,zscore,777,LH_48,0.4765999913215637,0.3583430051803589,-0.11825698614120483,0.3583430051803589
Static GCN,zscore,777,LH_254,0.4002000093460083,0.2854725122451782,-0.11472749710083008,0.2854725122451782
Static GCN,zscore,777,LH_353,0.3458000123500824,0.2491300404071808,-0.09666997194290161,0.2491300404071808
Static GCN,zscore,777,LH_396,0.3578000068664551,0.29101258516311646,-0.06678742170333862,0.29101258516311646
Static GCN,zscore,777,LH_140,0.3725999891757965,0.37734779715538025,0.00474780797958374,0.37734779715538025
Static GCN,zscore,777,LH_338,0.2401999980211258,0.24852800369262695,0.00832800567150116,0.24852800369262695
Static GCN,zscore,777,LH_470,0.3102000057697296,0.3427125811576843,0.03251257538795471,0.3427125811576843
Static GCN,zscore,777,LH_279,0.40939998626708984,0.27851349115371704,-0.1308864951133728,0.27851349115371704
Static GCN,zscore,777,LH_474,0.4713999927043915,0.2601194977760315,-0.21128049492835999,0.2601194977760315
Static GCN,zscore,777,LH_269,0.3529999852180481,0.2776802182197571,-0.07531976699829102,0.2776802182197571
Static GCN,zscore,777,LH_464,0.21140000224113464,0.36024773120880127,0.14884772896766663,0.36024773120880127
Static GCN,zscore,777,LH_75,0.13779999315738678,0.30817219614982605,0.17037220299243927,0.30817219614982605
Static GCN,zscore,777,LH_312,0.1754000037908554,0.27472999691963196,0.09932999312877655,0.27472999691963196
Static GCN,zscore,777,LH_178,0.22139999270439148,0.365822970867157,0.1444229781627655,0.365822970867157
Static GCN,zscore,777,LH_17,0.2802000045776367,0.27483701705932617,-0.005362987518310547,0.27483701705932617
Static GCN,zscore,777,LH_411,0.28540000319480896,0.2742224931716919,-0.011177510023117065,0.2742224931716919
Static GCN,zscore,777,LH_300,0.2614000141620636,0.3170407712459564,0.05564075708389282,0.3170407712459564
Static GCN,zscore,777,LH_212,0.26660001277923584,0.2837401032447815,0.017140090465545654,0.2837401032447815
Static GCN,zscore,777,LH_420,0.4625999927520752,0.28218454122543335,-0.18041545152664185,0.28218454122543335
Static GCN,zscore,777,LH_415,0.44620001316070557,0.23642590641975403,-0.20977410674095154,0.23642590641975403
Static GCN,zscore,777,LH_416,0.43380001187324524,0.26522377133369446,-0.16857624053955078,0.26522377133369446
Static GCN,zscore,777,LH_64,0.17739999294281006,0.27848631143569946,0.1010863184928894,0.27848631143569946
Static GCN,zscore,777,LH_256,0.4381999969482422,0.2714564800262451,-0.16674351692199707,0.2714564800262451
Static GCN,zscore,777,LH_159,0.28780001401901245,0.2742224931716919,-0.013577520847320557,0.2742224931716919
Static GCN,zscore,777,LH_107,0.4185999929904938,0.23584559559822083,-0.18275439739227295,0.23584559559822083
Static GCN,zscore,777,LH_445,0.3149999976158142,0.26738497614860535,-0.04761502146720886,0.26738497614860535
Static GCN,zscore,777,LH_341,0.26339998841285706,0.219366654753685,-0.04403333365917206,0.219366654753685
Static GCN,zscore,777,LH_322,0.10499999672174454,0.27240630984306335,0.16740631312131882,0.27240630984306335
Static GCN,zscore,777,LH_54,0.3846000134944916,0.29250627756118774,-0.09209373593330383,0.29250627756118774
Static GCN,zscore,777,LH_136,0.20340000092983246,0.30747807025909424,0.10407806932926178,0.30747807025909424
Static GCN,zscore,777,LH_299,0.2797999978065491,0.384191632270813,0.10439163446426392,0.384191632270813
Static GCN,zscore,777,LH_480,0.21459999680519104,0.24819427728652954,0.0335942804813385,0.24819427728652954
Static GCN,zscore,777,LH_173,0.43779999017715454,0.3114602863788605,-0.12633970379829407,0.3114602863788605
Static GCN,zscore,777,LH_295,0.14900000393390656,0.2705085277557373,0.12150852382183075,0.2705085277557373
Static GCN,zscore,777,LH_329,0.20499999821186066,0.27275270223617554,0.06775270402431488,0.27275270223617554
Static GCN,zscore,777,LH_428,0.4941999912261963,0.3126370310783386,-0.18156296014785767,0.3126370310783386
Static GCN,zscore,777,LH_0,0.1462000012397766,0.2772955000400543,0.1310954988002777,0.2772955000400543
Static GCN,zscore,777,LH_486,0.46459999680519104,0.4524185061454773,-0.012181490659713745,0.4524185061454773
Static GCN,zscore,777,LH_378,0.11819999665021896,0.2927139103412628,0.17451391369104385,0.2927139103412628
Static GCN,zscore,777,LH_438,0.41339999437332153,0.35050731897354126,-0.06289267539978027,0.35050731897354126
Static GCN,zscore,777,LH_53,0.16859999299049377,0.3071821928024292,0.13858219981193542,0.3071821928024292
Static GCN,zscore,777,LH_170,0.35580000281333923,0.30368566513061523,-0.052114337682724,0.30368566513061523
Static GCN,zscore,777,LH_454,0.11580000072717667,0.2934231758117676,0.1776231750845909,0.2934231758117676
Static GCN,zscore,777,LH_39,0.31779998540878296,0.31456026434898376,-0.0032397210597991943,0.31456026434898376
Static GCN,zscore,777,LH_354,0.40059998631477356,0.24328500032424927,-0.1573149859905243,0.24328500032424927
Static GCN,zscore,777,LH_58,0.19140000641345978,0.33951348066329956,0.14811347424983978,0.33951348066329956
Static GCN,zscore,777,LH_475,0.28700000047683716,0.2742224931716919,-0.012777507305145264,0.2742224931716919
Static GCN,zscore,777,LH_61,0.17499999701976776,0.3935065269470215,0.21850652992725372,0.3935065269470215
Static GCN,zscore,777,LH_448,0.2773999869823456,0.3026755452156067,0.02527555823326111,0.3026755452156067
Static GCN,zscore,777,LH_147,0.35019999742507935,0.26206228137016296,-0.08813771605491638,0.26206228137016296
Static GCN,zscore,777,LH_307,0.375,0.3094020485877991,-0.06559795141220093,0.3094020485877991
Static GCN,zscore,777,LH_199,0.4334000051021576,0.2661311626434326,-0.16726884245872498,0.2661311626434326
Static GCN,zscore,777,LH_280,0.34139999747276306,0.26358962059020996,-0.0778103768825531,0.26358962059020996
Static GCN,zscore,777,LH_318,0.4997999966144562,0.2742224931716919,-0.22557750344276428,0.2742224931716919
Static GCN,zscore,777,LH_342,0.10939999669790268,0.34924668073654175,0.23984668403863907,0.34924668073654175
Static GCN,zscore,777,LH_467,0.23019999265670776,0.28910285234451294,0.058902859687805176,0.28910285234451294
Static GCN,zscore,777,LH_497,0.2770000100135803,0.173246368765831,-0.10375364124774933,0.173246368765831
Static GCN,zscore,777,LH_472,0.3601999878883362,0.2737702429294586,-0.08642974495887756,0.2737702429294586
Static GCN,zscore,777,LH_20,0.13979999721050262,0.2966034412384033,0.1568034440279007,0.2966034412384033
Static GCN,zscore,777,LH_385,0.17020000517368317,0.2575768530368805,0.08737684786319733,0.2575768530368805
Static GCN,zscore,777,LH_275,0.34700000286102295,0.3112552762031555,-0.03574472665786743,0.3112552762031555
Static GCN,zscore,777,LH_172,0.3901999890804291,0.24857883155345917,-0.1416211575269699,0.24857883155345917
Static GCN,zscore,777,LH_425,0.4745999872684479,0.35696732997894287,-0.117632657289505,0.35696732997894287
Static GCN,zscore,777,LH_138,0.39739999175071716,0.27218708395957947,-0.1252129077911377,0.27218708395957947
Static GCN,zscore,777,LH_294,0.2558000087738037,0.2745266854763031,0.01872667670249939,0.2745266854763031
Static GCN,zscore,777,LH_188,0.28619998693466187,0.29514020681381226,0.00894021987915039,0.29514020681381226
Static GCN,zscore,777,LH_498,0.2637999951839447,0.3922395706176758,0.12843957543373108,0.3922395706176758
Static GCN,zscore,777,LH_228,0.4262000024318695,0.30311447381973267,-0.12308552861213684,0.30311447381973267
Static GCN,zscore,777,LH_117,0.2930000126361847,0.33147159218788147,0.03847157955169678,0.33147159218788147
