model,normalization,seed,target,prediction,residual,plotted_y,test_mae,test_rmse,test_r2,test_pearson
EvolveGCN-H,none,2025,0.2809999883174896,0.2321113795042038,-0.04888860881328583,-0.04888860881328583,0.06244542827208837,0.07687516919324365,0.5836670755935719,0.7855033519420392
EvolveGCN-H,none,2025,0.4262000024318695,0.4881002902984619,0.06190028786659241,0.06190028786659241,0.06244542827208837,0.07687516919324365,0.5836670755935719,0.7855033519420392
EvolveGCN-H,none,2025,0.11299999803304672,0.13311704993247986,0.020117051899433136,0.020117051899433136,0.06244542827208837,0.07687516919324365,0.5836670755935719,0.7855033519420392
EvolveGCN-H,none,2025,0.4214000105857849,0.3481510877609253,-0.07324892282485962,-0.07324892282485962,0.06244542827208837,0.07687516919324365,0.5836670755935719,0.7855033519420392
EvolveGCN-H,none,2025,0.1534000039100647,0.3208337426185608,0.1674337387084961,0.1674337387084961,0.06244542827208837,0.07687516919324365,0.5836670755935719,0.7855033519420392
EvolveGCN-H,none,2025,0.17219999432563782,0.3024812638759613,0.1302812695503235,0.1302812695503235,0.06244542827208837,0.07687516919324365,0.5836670755935719,0.7855033519420392
EvolveGCN-H,none,2025,0.13300000131130219,0.16276848316192627,0.029768481850624084,0.029768481850624084,0.06244542827208837,0.07687516919324365,0.5836670755935719,0.7855033519420392
EvolveGCN-H,none,2025,0.14900000393390656,0.1689193844795227,0.01991938054561615,0.01991938054561615,0.06244542827208837,0.07687516919324365,0.5836670755935719,0.7855033519420392
EvolveGCN-H,none,2025,0.43380001187324524,0.3865708112716675,-0.04722920060157776,-0.04722920060157776,0.06244542827208837,0.07687516919324365,0.5836670755935719,0.7855033519420392
EvolveGCN-H,none,2025,0.16300000250339508,0.2567860186100006,0.09378601610660553,0.09378601610660553,0.06244542827208837,0.07687516919324365,0.5836670755935719,0.7855033519420392
EvolveGCN-H,none,2025,0.11779999732971191,0.21309514343738556,0.09529514610767365,0.09529514610767365,0.06244542827208837,0.07687516919324365,0.5836670755935719,0.7855033519420392
EvolveGCN-H,none,2025,0.21060000360012054,0.24410685896873474,0.0335068553686142,0.0335068553686142,0.06244542827208837,0.07687516919324365,0.5836670755935719,0.7855033519420392
EvolveGCN-H,none,2025,0.3790000081062317,0.29157060384750366,-0.08742940425872803,-0.08742940425872803,0.06244542827208837,0.07687516919324365,0.5836670755935719,0.7855033519420392
EvolveGCN-H,none,2025,0.2614000141620636,0.39061081409454346,0.12921079993247986,0.12921079993247986,0.06244542827208837,0.07687516919324365,0.5836670755935719,0.7855033519420392
EvolveGCN-H,none,2025,0.2962000072002411,0.3268049359321594,0.030604928731918335,0.030604928731918335,0.06244542827208837,0.07687516919324365,0.5836670755935719,0.7855033519420392
EvolveGCN-H,none,2025,0.28619998693466187,0.2480078935623169,-0.03819209337234497,-0.03819209337234497,0.06244542827208837,0.07687516919324365,0.5836670755935719,0.7855033519420392
EvolveGCN-H,none,2025,0.4174000024795532,0.5120717287063599,0.09467172622680664,0.09467172622680664,0.06244542827208837,0.07687516919324365,0.5836670755935719,0.7855033519420392
EvolveGCN-H,none,2025,0.241799995303154,0.2863679528236389,0.044567957520484924,0.044567957520484924,0.06244542827208837,0.07687516919324365,0.5836670755935719,0.7855033519420392
EvolveGCN-H,none,2025,0.45980000495910645,0.38301217555999756,-0.07678782939910889,-0.07678782939910889,0.06244542827208837,0.07687516919324365,0.5836670755935719,0.7855033519420392
EvolveGCN-H,none,2025,0.4781999886035919,0.32827314734458923,-0.14992684125900269,-0.14992684125900269,0.06244542827208837,0.07687516919324365,0.5836670755935719,0.7855033519420392
EvolveGCN-H,none,2025,0.16580000519752502,0.17283405363559723,0.007034048438072205,0.007034048438072205,0.06244542827208837,0.07687516919324365,0.5836670755935719,0.7855033519420392
EvolveGCN-H,none,2025,0.19220000505447388,0.3542746305465698,0.16207462549209595,0.16207462549209595,0.06244542827208837,0.07687516919324365,0.5836670755935719,0.7855033519420392
EvolveGCN-H,none,2025,0.39419999718666077,0.2754337787628174,-0.11876621842384338,-0.11876621842384338,0.06244542827208837,0.07687516919324365,0.5836670755935719,0.7855033519420392
EvolveGCN-H,none,2025,0.23899999260902405,0.2417668253183365,0.002766832709312439,0.002766832709312439,0.06244542827208837,0.07687516919324365,0.5836670755935719,0.7855033519420392
EvolveGCN-H,none,2025,0.3077999949455261,0.3564469516277313,0.0486469566822052,0.0486469566822052,0.06244542827208837,0.07687516919324365,0.5836670755935719,0.7855033519420392
EvolveGCN-H,none,2025,0.2574000060558319,0.3148084878921509,0.05740848183631897,0.05740848183631897,0.06244542827208837,0.07687516919324365,0.5836670755935719,0.7855033519420392
EvolveGCN-H,none,2025,0.40939998626708984,0.33132997155189514,-0.0780700147151947,-0.0780700147151947,0.06244542827208837,0.07687516919324365,0.5836670755935719,0.7855033519420392
EvolveGCN-H,none,2025,0.41659998893737793,0.26958370208740234,-0.14701628684997559,-0.14701628684997559,0.06244542827208837,0.07687516919324365,0.5836670755935719,0.7855033519420392
EvolveGCN-H,none,2025,0.19259999692440033,0.2314658910036087,0.038865894079208374,0.038865894079208374,0.06244542827208837,0.07687516919324365,0.5836670755935719,0.7855033519420392
EvolveGCN-H,none,2025,0.1762000024318695,0.19629287719726562,0.020092874765396118,0.020092874765396118,0.06244542827208837,0.07687516919324365,0.5836670755935719,0.7855033519420392
EvolveGCN-H,none,2025,0.24779999256134033,0.2658292055130005,0.018029212951660156,0.018029212951660156,0.06244542827208837,0.07687516919324365,0.5836670755935719,0.7855033519420392
EvolveGCN-H,none,2025,0.387800008058548,0.5459194779396057,0.15811946988105774,0.15811946988105774,0.06244542827208837,0.07687516919324365,0.5836670755935719,0.7855033519420392
EvolveGCN-H,none,2025,0.26499998569488525,0.33455416560173035,0.06955417990684509,0.06955417990684509,0.06244542827208837,0.07687516919324365,0.5836670755935719,0.7855033519420392
EvolveGCN-H,none,2025,0.4918000102043152,0.4539792537689209,-0.03782075643539429,-0.03782075643539429,0.06244542827208837,0.07687516919324365,0.5836670755935719,0.7855033519420392
EvolveGCN-H,none,2025,0.15060000121593475,0.16282394528388977,0.012223944067955017,0.012223944067955017,0.06244542827208837,0.07687516919324365,0.5836670755935719,0.7855033519420392
EvolveGCN-H,none,2025,0.3781999945640564,0.555809736251831,0.17760974168777466,0.17760974168777466,0.06244542827208837,0.07687516919324365,0.5836670755935719,0.7855033519420392
EvolveGCN-H,none,2025,0.30300000309944153,0.23707450926303864,-0.0659254938364029,-0.0659254938364029,0.06244542827208837,0.07687516919324365,0.5836670755935719,0.7855033519420392
EvolveGCN-H,none,2025,0.1265999972820282,0.22104215621948242,0.09444215893745422,0.09444215893745422,0.06244542827208837,0.07687516919324365,0.5836670755935719,0.7855033519420392
EvolveGCN-H,none,2025,0.45579999685287476,0.5385545492172241,0.08275455236434937,0.08275455236434937,0.06244542827208837,0.07687516919324365,0.5836670755935719,0.7855033519420392
EvolveGCN-H,none,2025,0.26899999380111694,0.26649361848831177,-0.0025063753128051758,-0.0025063753128051758,0.06244542827208837,0.07687516919324365,0.5836670755935719,0.7855033519420392
EvolveGCN-H,none,2025,0.35899999737739563,0.3831143379211426,0.024114340543746948,0.024114340543746948,0.06244542827208837,0.07687516919324365,0.5836670755935719,0.7855033519420392
EvolveGCN-H,none,2025,0.2078000009059906,0.2314658910036087,0.023665890097618103,0.023665890097618103,0.06244542827208837,0.07687516919324365,0.5836670755935719,0.7855033519420392
EvolveGCN-H,none,2025,0.2013999968767166,0.25165849924087524,0.05025850236415863,0.05025850236415863,0.06244542827208837,0.07687516919324365,0.5836670755935719,0.7855033519420392
EvolveGCN-H,none,2025,0.4410000145435333,0.38956230878829956,-0.051437705755233765,-0.051437705755233765,0.06244542827208837,0.07687516919324365,0.5836670755935719,0.7855033519420392
EvolveGCN-H,none,2025,0.13459999859333038,0.20860110223293304,0.07400110363960266,0.07400110363960266,0.06244542827208837,0.07687516919324365,0.5836670755935719,0.7855033519420392
EvolveGCN-H,none,2025,0.25380000472068787,0.29146328568458557,0.037663280963897705,0.037663280963897705,0.06244542827208837,0.07687516919324365,0.5836670755935719,0.7855033519420392
EvolveGCN-H,none,2025,0.3057999908924103,0.3696467876434326,0.06384679675102234,0.06384679675102234,0.06244542827208837,0.07687516919324365,0.5836670755935719,0.7855033519420392
EvolveGCN-H,none,2025,0.45820000767707825,0.360721230506897,-0.09747877717018127,-0.09747877717018127,0.06244542827208837,0.07687516919324365,0.5836670755935719,0.7855033519420392
EvolveGCN-H,none,2025,0.3946000039577484,0.3740110397338867,-0.020588964223861694,-0.020588964223861694,0.06244542827208837,0.07687516919324365,0.5836670755935719,0.7855033519420392
EvolveGCN-H,none,2025,0.1242000013589859,0.1633903831243515,0.0391903817653656,0.0391903817653656,0.06244542827208837,0.07687516919324365,0.5836670755935719,0.7855033519420392
EvolveGCN-H,none,2025,0.32260000705718994,0.3605034053325653,0.037903398275375366,0.037903398275375366,0.06244542827208837,0.07687516919324365,0.5836670755935719,0.7855033519420392
EvolveGCN-H,none,2025,0.4318000078201294,0.42223089933395386,-0.009569108486175537,-0.009569108486175537,0.06244542827208837,0.07687516919324365,0.5836670755935719,0.7855033519420392
EvolveGCN-H,none,2025,0.30379998683929443,0.31222760677337646,0.008427619934082031,0.008427619934082031,0.06244542827208837,0.07687516919324365,0.5836670755935719,0.7855033519420392
EvolveGCN-H,none,2025,0.2125999927520752,0.3152990937232971,0.10269910097122192,0.10269910097122192,0.06244542827208837,0.07687516919324365,0.5836670755935719,0.7855033519420392
EvolveGCN-H,none,2025,0.49939998984336853,0.3918815851211548,-0.10751840472221375,-0.10751840472221375,0.06244542827208837,0.07687516919324365,0.5836670755935719,0.7855033519420392
EvolveGCN-H,none,2025,0.30219998955726624,0.22748631238937378,-0.07471367716789246,-0.07471367716789246,0.06244542827208837,0.07687516919324365,0.5836670755935719,0.7855033519420392
EvolveGCN-H,none,2025,0.42579999566078186,0.2844286859035492,-0.14137130975723267,-0.14137130975723267,0.06244542827208837,0.07687516919324365,0.5836670755935719,0.7855033519420392
EvolveGCN-H,none,2025,0.1738000065088272,0.20875975489616394,0.03495974838733673,0.03495974838733673,0.06244542827208837,0.07687516919324365,0.5836670755935719,0.7855033519420392
EvolveGCN-H,none,2025,0.2590000033378601,0.336919903755188,0.07791990041732788,0.07791990041732788,0.06244542827208837,0.07687516919324365,0.5836670755935719,0.7855033519420392
EvolveGCN-H,none,2025,0.305400013923645,0.273943156003952,-0.03145685791969299,-0.03145685791969299,0.06244542827208837,0.07687516919324365,0.5836670755935719,0.7855033519420392
EvolveGCN-H,none,2025,0.4697999954223633,0.3968700170516968,-0.0729299783706665,-0.0729299783706665,0.06244542827208837,0.07687516919324365,0.5836670755935719,0.7855033519420392
EvolveGCN-H,none,2025,0.47780001163482666,0.5049120187759399,0.02711200714111328,0.02711200714111328,0.06244542827208837,0.07687516919324365,0.5836670755935719,0.7855033519420392
EvolveGCN-H,none,2025,0.1873999983072281,0.19607117772102356,0.008671179413795471,0.008671179413795471,0.06244542827208837,0.07687516919324365,0.5836670755935719,0.7855033519420392
EvolveGCN-H,none,2025,0.3118000030517578,0.35814332962036133,0.046343326568603516,0.046343326568603516,0.06244542827208837,0.07687516919324365,0.5836670755935719,0.7855033519420392
EvolveGCN-H,none,2025,0.24740000069141388,0.3676643967628479,0.12026439607143402,0.12026439607143402,0.06244542827208837,0.07687516919324365,0.5836670755935719,0.7855033519420392
EvolveGCN-H,none,2025,0.31060001254081726,0.418028324842453,0.10742831230163574,0.10742831230163574,0.06244542827208837,0.07687516919324365,0.5836670755935719,0.7855033519420392
EvolveGCN-H,none,2025,0.1462000012397766,0.15052005648612976,0.004320055246353149,0.004320055246353149,0.06244542827208837,0.07687516919324365,0.5836670755935719,0.7855033519420392
EvolveGCN-H,none,2025,0.11659999936819077,0.16782552003860474,0.05122552067041397,0.05122552067041397,0.06244542827208837,0.07687516919324365,0.5836670755935719,0.7855033519420392
EvolveGCN-H,none,2025,0.48100000619888306,0.4908028244972229,0.009802818298339844,0.009802818298339844,0.06244542827208837,0.07687516919324365,0.5836670755935719,0.7855033519420392
EvolveGCN-H,none,2025,0.22380000352859497,0.2803049683570862,0.05650496482849121,0.05650496482849121,0.06244542827208837,0.07687516919324365,0.5836670755935719,0.7855033519420392
EvolveGCN-H,none,2025,0.18979999423027039,0.19763557612895966,0.00783558189868927,0.00783558189868927,0.06244542827208837,0.07687516919324365,0.5836670755935719,0.7855033519420392
EvolveGCN-H,none,2025,0.4941999912261963,0.41104644536972046,-0.08315354585647583,-0.08315354585647583,0.06244542827208837,0.07687516919324365,0.5836670755935719,0.7855033519420392
EvolveGCN-H,none,2025,0.4758000075817108,0.5398112535476685,0.06401124596595764,0.06401124596595764,0.06244542827208837,0.07687516919324365,0.5836670755935719,0.7855033519420392
EvolveGCN-H,none,2025,0.11219999939203262,0.13814392685890198,0.025943927466869354,0.025943927466869354,0.06244542827208837,0.07687516919324365,0.5836670755935719,0.7855033519420392
EvolveGCN-H,none,2025,0.32100000977516174,0.33758074045181274,0.016580730676651,0.016580730676651,0.06244542827208837,0.07687516919324365,0.5836670755935719,0.7855033519420392
Static GCN,none,777,0.40860000252723694,0.5040653347969055,0.09546533226966858,0.09546533226966858,0.04450859576463699,0.054390205917373355,0.7655081747476296,0.8764151165374884
Static GCN,none,777,0.4374000132083893,0.4377126693725586,0.0003126561641693115,0.0003126561641693115,0.04450859576463699,0.054390205917373355,0.7655081747476296,0.8764151165374884
Static GCN,none,777,0.11739999800920486,0.19761425256729126,0.0802142545580864,0.0802142545580864,0.04450859576463699,0.054390205917373355,0.7655081747476296,0.8764151165374884
Static GCN,none,777,0.2345999926328659,0.1938847005367279,-0.040715292096138,-0.040715292096138,0.04450859576463699,0.054390205917373355,0.7655081747476296,0.8764151165374884
Static GCN,none,777,0.10300000011920929,0.18948478996753693,0.08648478984832764,0.08648478984832764,0.04450859576463699,0.054390205917373355,0.7655081747476296,0.8764151165374884
Static GCN,none,777,0.30379998683929443,0.2424682229757309,-0.06133176386356354,-0.06133176386356354,0.04450859576463699,0.054390205917373355,0.7655081747476296,0.8764151165374884
Static GCN,none,777,0.4765999913215637,0.43792885541915894,-0.038671135902404785,-0.038671135902404785,0.04450859576463699,0.054390205917373355,0.7655081747476296,0.8764151165374884
Static GCN,none,777,0.4002000093460083,0.3993792235851288,-0.0008207857608795166,-0.0008207857608795166,0.04450859576463699,0.054390205917373355,0.7655081747476296,0.8764151165374884
Static GCN,none,777,0.3458000123500824,0.3144266605377197,-0.03137335181236267,-0.03137335181236267,0.04450859576463699,0.054390205917373355,0.7655081747476296,0.8764151165374884
Static GCN,none,777,0.3578000068664551,0.35665857791900635,-0.0011414289474487305,-0.0011414289474487305,0.04450859576463699,0.054390205917373355,0.7655081747476296,0.8764151165374884
Static GCN,none,777,0.3725999891757965,0.40020668506622314,0.027606695890426636,0.027606695890426636,0.04450859576463699,0.054390205917373355,0.7655081747476296,0.8764151165374884
Static GCN,none,777,0.2401999980211258,0.2221299558877945,-0.0180700421333313,-0.0180700421333313,0.04450859576463699,0.054390205917373355,0.7655081747476296,0.8764151165374884
Static GCN,none,777,0.3102000057697296,0.4029838442802429,0.0927838385105133,0.0927838385105133,0.04450859576463699,0.054390205917373355,0.7655081747476296,0.8764151165374884
Static GCN,none,777,0.40939998626708984,0.32530778646469116,-0.08409219980239868,-0.08409219980239868,0.04450859576463699,0.054390205917373355,0.7655081747476296,0.8764151165374884
Static GCN,none,777,0.4713999927043915,0.3992237448692322,-0.0721762478351593,-0.0721762478351593,0.04450859576463699,0.054390205917373355,0.7655081747476296,0.8764151165374884
Static GCN,none,777,0.3529999852180481,0.3231765627861023,-0.0298234224319458,-0.0298234224319458,0.04450859576463699,0.054390205917373355,0.7655081747476296,0.8764151165374884
Static GCN,none,777,0.21140000224113464,0.23496653139591217,0.023566529154777527,0.023566529154777527,0.04450859576463699,0.054390205917373355,0.7655081747476296,0.8764151165374884
Static GCN,none,777,0.13779999315738678,0.17181526124477386,0.034015268087387085,0.034015268087387085,0.04450859576463699,0.054390205917373355,0.7655081747476296,0.8764151165374884
Static GCN,none,777,0.1754000037908554,0.19985473155975342,0.02445472776889801,0.02445472776889801,0.04450859576463699,0.054390205917373355,0.7655081747476296,0.8764151165374884
Static GCN,none,777,0.22139999270439148,0.22099089622497559,-0.00040909647941589355,-0.00040909647941589355,0.04450859576463699,0.054390205917373355,0.7655081747476296,0.8764151165374884
Static GCN,none,777,0.2802000045776367,0.19418127834796906,-0.08601872622966766,-0.08601872622966766,0.04450859576463699,0.054390205917373355,0.7655081747476296,0.8764151165374884
Static GCN,none,777,0.28540000319480896,0.34696006774902344,0.06156006455421448,0.06156006455421448,0.04450859576463699,0.054390205917373355,0.7655081747476296,0.8764151165374884
Static GCN,none,777,0.2614000141620636,0.3019881844520569,0.040588170289993286,0.040588170289993286,0.04450859576463699,0.054390205917373355,0.7655081747476296,0.8764151165374884
Static GCN,none,777,0.26660001277923584,0.37294256687164307,0.10634255409240723,0.10634255409240723,0.04450859576463699,0.054390205917373355,0.7655081747476296,0.8764151165374884
Static GCN,none,777,0.4625999927520752,0.41978561878204346,-0.04281437397003174,-0.04281437397003174,0.04450859576463699,0.054390205917373355,0.7655081747476296,0.8764151165374884
Static GCN,none,777,0.44620001316070557,0.3656776547431946,-0.08052235841751099,-0.08052235841751099,0.04450859576463699,0.054390205917373355,0.7655081747476296,0.8764151165374884
Static GCN,none,777,0.43380001187324524,0.3701182007789612,-0.06368181109428406,-0.06368181109428406,0.04450859576463699,0.054390205917373355,0.7655081747476296,0.8764151165374884
Static GCN,none,777,0.17739999294281006,0.17565809190273285,-0.0017419010400772095,-0.0017419010400772095,0.04450859576463699,0.054390205917373355,0.7655081747476296,0.8764151165374884
Static GCN,none,777,0.4381999969482422,0.45578569173812866,0.017585694789886475,0.017585694789886475,0.04450859576463699,0.054390205917373355,0.7655081747476296,0.8764151165374884
Static GCN,none,777,0.28780001401901245,0.2402222752571106,-0.047577738761901855,-0.047577738761901855,0.04450859576463699,0.054390205917373355,0.7655081747476296,0.8764151165374884
Static GCN,none,777,0.4185999929904938,0.41770803928375244,-0.000891953706741333,-0.000891953706741333,0.04450859576463699,0.054390205917373355,0.7655081747476296,0.8764151165374884
Static GCN,none,777,0.3149999976158142,0.3264501094818115,0.011450111865997314,0.011450111865997314,0.04450859576463699,0.054390205917373355,0.7655081747476296,0.8764151165374884
Static GCN,none,777,0.26339998841285706,0.3564838767051697,0.09308388829231262,0.09308388829231262,0.04450859576463699,0.054390205917373355,0.7655081747476296,0.8764151165374884
Static GCN,none,777,0.10499999672174454,0.13890007138252258,0.033900074660778046,0.033900074660778046,0.04450859576463699,0.054390205917373355,0.7655081747476296,0.8764151165374884
Static GCN,none,777,0.3846000134944916,0.4412696361541748,0.05666962265968323,0.05666962265968323,0.04450859576463699,0.054390205917373355,0.7655081747476296,0.8764151165374884
Static GCN,none,777,0.20340000092983246,0.2754887044429779,0.07208870351314545,0.07208870351314545,0.04450859576463699,0.054390205917373355,0.7655081747476296,0.8764151165374884
Static GCN,none,777,0.2797999978065491,0.31198960542678833,0.03218960762023926,0.03218960762023926,0.04450859576463699,0.054390205917373355,0.7655081747476296,0.8764151165374884
Static GCN,none,777,0.21459999680519104,0.26813000440597534,0.0535300076007843,0.0535300076007843,0.04450859576463699,0.054390205917373355,0.7655081747476296,0.8764151165374884
Static GCN,none,777,0.43779999017715454,0.40269601345062256,-0.03510397672653198,-0.03510397672653198,0.04450859576463699,0.054390205917373355,0.7655081747476296,0.8764151165374884
Static GCN,none,777,0.14900000393390656,0.10980769991874695,-0.03919230401515961,-0.03919230401515961,0.04450859576463699,0.054390205917373355,0.7655081747476296,0.8764151165374884
Static GCN,none,777,0.20499999821186066,0.18160878121852875,-0.02339121699333191,-0.02339121699333191,0.04450859576463699,0.054390205917373355,0.7655081747476296,0.8764151165374884
Static GCN,none,777,0.4941999912261963,0.4147607088088989,-0.07943928241729736,-0.07943928241729736,0.04450859576463699,0.054390205917373355,0.7655081747476296,0.8764151165374884
Static GCN,none,777,0.1462000012397766,0.12880611419677734,-0.017393887042999268,-0.017393887042999268,0.04450859576463699,0.054390205917373355,0.7655081747476296,0.8764151165374884
Static GCN,none,777,0.46459999680519104,0.3584546446800232,-0.10614535212516785,-0.10614535212516785,0.04450859576463699,0.054390205917373355,0.7655081747476296,0.8764151165374884
Static GCN,none,777,0.11819999665021896,0.18135273456573486,0.0631527379155159,0.0631527379155159,0.04450859576463699,0.054390205917373355,0.7655081747476296,0.8764151165374884
Static GCN,none,777,0.41339999437332153,0.3813399076461792,-0.032060086727142334,-0.032060086727142334,0.04450859576463699,0.054390205917373355,0.7655081747476296,0.8764151165374884
Static GCN,none,777,0.16859999299049377,0.26455244421958923,0.09595245122909546,0.09595245122909546,0.04450859576463699,0.054390205917373355,0.7655081747476296,0.8764151165374884
Static GCN,none,777,0.35580000281333923,0.28884297609329224,-0.066957026720047,-0.066957026720047,0.04450859576463699,0.054390205917373355,0.7655081747476296,0.8764151165374884
Static GCN,none,777,0.11580000072717667,0.15153950452804565,0.03573950380086899,0.03573950380086899,0.04450859576463699,0.054390205917373355,0.7655081747476296,0.8764151165374884
Static GCN,none,777,0.31779998540878296,0.31384217739105225,-0.003957808017730713,-0.003957808017730713,0.04450859576463699,0.054390205917373355,0.7655081747476296,0.8764151165374884
Static GCN,none,777,0.40059998631477356,0.397976279258728,-0.0026237070560455322,-0.0026237070560455322,0.04450859576463699,0.054390205917373355,0.7655081747476296,0.8764151165374884
Static GCN,none,777,0.19140000641345978,0.2191384881734848,0.027738481760025024,0.027738481760025024,0.04450859576463699,0.054390205917373355,0.7655081747476296,0.8764151165374884
Static GCN,none,777,0.28700000047683716,0.20534004271030426,-0.0816599577665329,-0.0816599577665329,0.04450859576463699,0.054390205917373355,0.7655081747476296,0.8764151165374884
Static GCN,none,777,0.17499999701976776,0.21741747856140137,0.042417481541633606,0.042417481541633606,0.04450859576463699,0.054390205917373355,0.7655081747476296,0.8764151165374884
Static GCN,none,777,0.2773999869823456,0.19788141548633575,-0.07951857149600983,-0.07951857149600983,0.04450859576463699,0.054390205917373355,0.7655081747476296,0.8764151165374884
Static GCN,none,777,0.35019999742507935,0.3470331132411957,-0.003166884183883667,-0.003166884183883667,0.04450859576463699,0.054390205917373355,0.7655081747476296,0.8764151165374884
Static GCN,none,777,0.375,0.30462080240249634,-0.07037919759750366,-0.07037919759750366,0.04450859576463699,0.054390205917373355,0.7655081747476296,0.8764151165374884
Static GCN,none,777,0.4334000051021576,0.376004695892334,-0.05739530920982361,-0.05739530920982361,0.04450859576463699,0.054390205917373355,0.7655081747476296,0.8764151165374884
Static GCN,none,777,0.34139999747276306,0.3393213152885437,-0.0020786821842193604,-0.0020786821842193604,0.04450859576463699,0.054390205917373355,0.7655081747476296,0.8764151165374884
Static GCN,none,777,0.4997999966144562,0.3602459132671356,-0.13955408334732056,-0.13955408334732056,0.04450859576463699,0.054390205917373355,0.7655081747476296,0.8764151165374884
Static GCN,none,777,0.10939999669790268,0.13075028359889984,0.021350286900997162,0.021350286900997162,0.04450859576463699,0.054390205917373355,0.7655081747476296,0.8764151165374884
Static GCN,none,777,0.23019999265670776,0.21058803796768188,-0.01961195468902588,-0.01961195468902588,0.04450859576463699,0.054390205917373355,0.7655081747476296,0.8764151165374884
Static GCN,none,777,0.2770000100135803,0.3053038716316223,0.028303861618041992,0.028303861618041992,0.04450859576463699,0.054390205917373355,0.7655081747476296,0.8764151165374884
Static GCN,none,777,0.3601999878883362,0.3069189786911011,-0.05328100919723511,-0.05328100919723511,0.04450859576463699,0.054390205917373355,0.7655081747476296,0.8764151165374884
Static GCN,none,777,0.13979999721050262,0.1298385113477707,-0.009961485862731934,-0.009961485862731934,0.04450859576463699,0.054390205917373355,0.7655081747476296,0.8764151165374884
Static GCN,none,777,0.17020000517368317,0.18380679190158844,0.013606786727905273,0.013606786727905273,0.04450859576463699,0.054390205917373355,0.7655081747476296,0.8764151165374884
Static GCN,none,777,0.34700000286102295,0.3945208489894867,0.047520846128463745,0.047520846128463745,0.04450859576463699,0.054390205917373355,0.7655081747476296,0.8764151165374884
Static GCN,none,777,0.3901999890804291,0.3684208393096924,-0.021779149770736694,-0.021779149770736694,0.04450859576463699,0.054390205917373355,0.7655081747476296,0.8764151165374884
Static GCN,none,777,0.4745999872684479,0.4330422282218933,-0.041557759046554565,-0.041557759046554565,0.04450859576463699,0.054390205917373355,0.7655081747476296,0.8764151165374884
Static GCN,none,777,0.39739999175071716,0.34909242391586304,-0.048307567834854126,-0.048307567834854126,0.04450859576463699,0.054390205917373355,0.7655081747476296,0.8764151165374884
Static GCN,none,777,0.2558000087738037,0.1920643448829651,-0.06373566389083862,-0.06373566389083862,0.04450859576463699,0.054390205917373355,0.7655081747476296,0.8764151165374884
Static GCN,none,777,0.28619998693466187,0.24585562944412231,-0.04034435749053955,-0.04034435749053955,0.04450859576463699,0.054390205917373355,0.7655081747476296,0.8764151165374884
Static GCN,none,777,0.2637999951839447,0.30928835272789,0.04548835754394531,0.04548835754394531,0.04450859576463699,0.054390205917373355,0.7655081747476296,0.8764151165374884
Static GCN,none,777,0.4262000024318695,0.4039630591869354,-0.022236943244934082,-0.022236943244934082,0.04450859576463699,0.054390205917373355,0.7655081747476296,0.8764151165374884
Static GCN,none,777,0.2930000126361847,0.28272557258605957,-0.010274440050125122,-0.010274440050125122,0.04450859576463699,0.054390205917373355,0.7655081747476296,0.8764151165374884
EvolveGCN-H,minmax,999,0.16820000112056732,0.31519392132759094,0.14699392020702362,0.14699392020702362,0.08726186027129491,0.10331230581297307,0.08260813650758625,0.34676926776547745
EvolveGCN-H,minmax,999,0.3725999891757965,0.29594093561172485,-0.07665905356407166,-0.07665905356407166,0.08726186027129491,0.10331230581297307,0.08260813650758625,0.34676926776547745
EvolveGCN-H,minmax,999,0.25780001282691956,0.31256720423698425,0.0547671914100647,0.0547671914100647,0.08726186027129491,0.10331230581297307,0.08260813650758625,0.34676926776547745
EvolveGCN-H,minmax,999,0.31540000438690186,0.2688138484954834,-0.04658615589141846,-0.04658615589141846,0.08726186027129491,0.10331230581297307,0.08260813650758625,0.34676926776547745
EvolveGCN-H,minmax,999,0.1873999983072281,0.29489487409591675,0.10749487578868866,0.10749487578868866,0.08726186027129491,0.10331230581297307,0.08260813650758625,0.34676926776547745
EvolveGCN-H,minmax,999,0.4957999885082245,0.3154231905937195,-0.180376797914505,-0.180376797914505,0.08726186027129491,0.10331230581297307,0.08260813650758625,0.34676926776547745
EvolveGCN-H,minmax,999,0.3109999895095825,0.29894351959228516,-0.012056469917297363,-0.012056469917297363,0.08726186027129491,0.10331230581297307,0.08260813650758625,0.34676926776547745
EvolveGCN-H,minmax,999,0.3874000012874603,0.3150729835033417,-0.07232701778411865,-0.07232701778411865,0.08726186027129491,0.10331230581297307,0.08260813650758625,0.34676926776547745
EvolveGCN-H,minmax,999,0.39419999718666077,0.24567988514900208,-0.1485201120376587,-0.1485201120376587,0.08726186027129491,0.10331230581297307,0.08260813650758625,0.34676926776547745
EvolveGCN-H,minmax,999,0.2669999897480011,0.31279101967811584,0.045791029930114746,0.045791029930114746,0.08726186027129491,0.10331230581297307,0.08260813650758625,0.34676926776547745
EvolveGCN-H,minmax,999,0.3889999985694885,0.31031596660614014,-0.07868403196334839,-0.07868403196334839,0.08726186027129491,0.10331230581297307,0.08260813650758625,0.34676926776547745
EvolveGCN-H,minmax,999,0.34380000829696655,0.2945716381072998,-0.04922837018966675,-0.04922837018966675,0.08726186027129491,0.10331230581297307,0.08260813650758625,0.34676926776547745
EvolveGCN-H,minmax,999,0.22339999675750732,0.346089631319046,0.1226896345615387,0.1226896345615387,0.08726186027129491,0.10331230581297307,0.08260813650758625,0.34676926776547745
EvolveGCN-H,minmax,999,0.3158000111579895,0.33889782428741455,0.02309781312942505,0.02309781312942505,0.08726186027129491,0.10331230581297307,0.08260813650758625,0.34676926776547745
EvolveGCN-H,minmax,999,0.1597999930381775,0.3174396753311157,0.15763968229293823,0.15763968229293823,0.08726186027129491,0.10331230581297307,0.08260813650758625,0.34676926776547745
EvolveGCN-H,minmax,999,0.2401999980211258,0.19247493147850037,-0.04772506654262543,-0.04772506654262543,0.08726186027129491,0.10331230581297307,0.08260813650758625,0.34676926776547745
EvolveGCN-H,minmax,999,0.3041999936103821,0.22151999175548553,-0.08268000185489655,-0.08268000185489655,0.08726186027129491,0.10331230581297307,0.08260813650758625,0.34676926776547745
EvolveGCN-H,minmax,999,0.28619998693466187,0.22219054400920868,-0.06400944292545319,-0.06400944292545319,0.08726186027129491,0.10331230581297307,0.08260813650758625,0.34676926776547745
EvolveGCN-H,minmax,999,0.4390000104904175,0.334889680147171,-0.10411033034324646,-0.10411033034324646,0.08726186027129491,0.10331230581297307,0.08260813650758625,0.34676926776547745
EvolveGCN-H,minmax,999,0.15299999713897705,0.15911929309368134,0.006119295954704285,0.006119295954704285,0.08726186027129491,0.10331230581297307,0.08260813650758625,0.34676926776547745
EvolveGCN-H,minmax,999,0.33180001378059387,0.31211939454078674,-0.01968061923980713,-0.01968061923980713,0.08726186027129491,0.10331230581297307,0.08260813650758625,0.34676926776547745
EvolveGCN-H,minmax,999,0.19259999692440033,0.2360564023256302,0.04345640540122986,0.04345640540122986,0.08726186027129491,0.10331230581297307,0.08260813650758625,0.34676926776547745
EvolveGCN-H,minmax,999,0.4174000024795532,0.3160443603992462,-0.101355642080307,-0.101355642080307,0.08726186027129491,0.10331230581297307,0.08260813650758625,0.34676926776547745
EvolveGCN-H,minmax,999,0.2962000072002411,0.33096039295196533,0.03476038575172424,0.03476038575172424,0.08726186027129491,0.10331230581297307,0.08260813650758625,0.34676926776547745
EvolveGCN-H,minmax,999,0.15139999985694885,0.30626368522644043,0.15486368536949158,0.15486368536949158,0.08726186027129491,0.10331230581297307,0.08260813650758625,0.34676926776547745
EvolveGCN-H,minmax,999,0.44020000100135803,0.2991461753845215,-0.14105382561683655,-0.14105382561683655,0.08726186027129491,0.10331230581297307,0.08260813650758625,0.34676926776547745
EvolveGCN-H,minmax,999,0.3393999934196472,0.2920728623867035,-0.047327131032943726,-0.047327131032943726,0.08726186027129491,0.10331230581297307,0.08260813650758625,0.34676926776547745
EvolveGCN-H,minmax,999,0.3149999976158142,0.31201496720314026,-0.00298503041267395,-0.00298503041267395,0.08726186027129491,0.10331230581297307,0.08260813650758625,0.34676926776547745
EvolveGCN-H,minmax,999,0.17059999704360962,0.17227184772491455,0.0016718506813049316,0.0016718506813049316,0.08726186027129491,0.10331230581297307,0.08260813650758625,0.34676926776547745
EvolveGCN-H,minmax,999,0.3077999949455261,0.3106728196144104,0.0028728246688842773,0.0028728246688842773,0.08726186027129491,0.10331230581297307,0.08260813650758625,0.34676926776547745
EvolveGCN-H,minmax,999,0.4381999969482422,0.2736820578575134,-0.16451793909072876,-0.16451793909072876,0.08726186027129491,0.10331230581297307,0.08260813650758625,0.34676926776547745
EvolveGCN-H,minmax,999,0.22059999406337738,0.24137479066848755,0.02077479660511017,0.02077479660511017,0.08726186027129491,0.10331230581297307,0.08260813650758625,0.34676926776547745
EvolveGCN-H,minmax,999,0.2529999911785126,0.300445556640625,0.04744556546211243,0.04744556546211243,0.08726186027129491,0.10331230581297307,0.08260813650758625,0.34676926776547745
EvolveGCN-H,minmax,999,0.14980000257492065,0.14154484868049622,-0.008255153894424438,-0.008255153894424438,0.08726186027129491,0.10331230581297307,0.08260813650758625,0.34676926776547745
EvolveGCN-H,minmax,999,0.2913999855518341,0.2060641497373581,-0.08533583581447601,-0.08533583581447601,0.08726186027129491,0.10331230581297307,0.08260813650758625,0.34676926776547745
EvolveGCN-H,minmax,999,0.39739999175071716,0.2746981680393219,-0.12270182371139526,-0.12270182371139526,0.08726186027129491,0.10331230581297307,0.08260813650758625,0.34676926776547745
EvolveGCN-H,minmax,999,0.4618000090122223,0.31970131397247314,-0.14209869503974915,-0.14209869503974915,0.08726186027129491,0.10331230581297307,0.08260813650758625,0.34676926776547745
EvolveGCN-H,minmax,999,0.305400013923645,0.34093526005744934,0.03553524613380432,0.03553524613380432,0.08726186027129491,0.10331230581297307,0.08260813650758625,0.34676926776547745
EvolveGCN-H,minmax,999,0.45660001039505005,0.3173581659793854,-0.13924184441566467,-0.13924184441566467,0.08726186027129491,0.10331230581297307,0.08260813650758625,0.34676926776547745
EvolveGCN-H,minmax,999,0.3346000015735626,0.2934863865375519,-0.04111361503601074,-0.04111361503601074,0.08726186027129491,0.10331230581297307,0.08260813650758625,0.34676926776547745
EvolveGCN-H,minmax,999,0.1265999972820282,0.2330661416053772,0.106466144323349,0.106466144323349,0.08726186027129491,0.10331230581297307,0.08260813650758625,0.34676926776547745
EvolveGCN-H,minmax,999,0.45980000495910645,0.3302426338195801,-0.12955737113952637,-0.12955737113952637,0.08726186027129491,0.10331230581297307,0.08260813650758625,0.34676926776547745
EvolveGCN-H,minmax,999,0.3837999999523163,0.3037368059158325,-0.08006319403648376,-0.08006319403648376,0.08726186027129491,0.10331230581297307,0.08260813650758625,0.34676926776547745
EvolveGCN-H,minmax,999,0.4918000102043152,0.31982892751693726,-0.17197108268737793,-0.17197108268737793,0.08726186027129491,0.10331230581297307,0.08260813650758625,0.34676926776547745
EvolveGCN-H,minmax,999,0.43299999833106995,0.31070420145988464,-0.1222957968711853,-0.1222957968711853,0.08726186027129491,0.10331230581297307,0.08260813650758625,0.34676926776547745
EvolveGCN-H,minmax,999,0.227400004863739,0.3563241958618164,0.1289241909980774,0.1289241909980774,0.08726186027129491,0.10331230581297307,0.08260813650758625,0.34676926776547745
EvolveGCN-H,minmax,999,0.24500000476837158,0.33584755659103394,0.09084755182266235,0.09084755182266235,0.08726186027129491,0.10331230581297307,0.08260813650758625,0.34676926776547745
EvolveGCN-H,minmax,999,0.38179999589920044,0.2960611581802368,-0.08573883771896362,-0.08573883771896362,0.08726186027129491,0.10331230581297307,0.08260813650758625,0.34676926776547745
EvolveGCN-H,minmax,999,0.4925999939441681,0.31863248348236084,-0.17396751046180725,-0.17396751046180725,0.08726186027129491,0.10331230581297307,0.08260813650758625,0.34676926776547745
EvolveGCN-H,minmax,999,0.10700000077486038,0.2939440608024597,0.18694406002759933,0.18694406002759933,0.08726186027129491,0.10331230581297307,0.08260813650758625,0.34676926776547745
EvolveGCN-H,minmax,999,0.3977999985218048,0.3453054428100586,-0.052494555711746216,-0.052494555711746216,0.08726186027129491,0.10331230581297307,0.08260813650758625,0.34676926776547745
EvolveGCN-H,minmax,999,0.35899999737739563,0.3418216109275818,-0.017178386449813843,-0.017178386449813843,0.08726186027129491,0.10331230581297307,0.08260813650758625,0.34676926776547745
EvolveGCN-H,minmax,999,0.4941999912261963,0.3336172103881836,-0.1605827808380127,-0.1605827808380127,0.08726186027129491,0.10331230581297307,0.08260813650758625,0.34676926776547745
EvolveGCN-H,minmax,999,0.4758000075817108,0.33508557081222534,-0.14071443676948547,-0.14071443676948547,0.08726186027129491,0.10331230581297307,0.08260813650758625,0.34676926776547745
EvolveGCN-H,minmax,999,0.22779999673366547,0.3437733054161072,0.11597330868244171,0.11597330868244171,0.08726186027129491,0.10331230581297307,0.08260813650758625,0.34676926776547745
EvolveGCN-H,minmax,999,0.2994000017642975,0.2926297187805176,-0.006770282983779907,-0.006770282983779907,0.08726186027129491,0.10331230581297307,0.08260813650758625,0.34676926776547745
EvolveGCN-H,minmax,999,0.46700000762939453,0.3255923092365265,-0.14140769839286804,-0.14140769839286804,0.08726186027129491,0.10331230581297307,0.08260813650758625,0.34676926776547745
EvolveGCN-H,minmax,999,0.22380000352859497,0.2802045941352844,0.05640459060668945,0.05640459060668945,0.08726186027129491,0.10331230581297307,0.08260813650758625,0.34676926776547745
EvolveGCN-H,minmax,999,0.2526000142097473,0.3261500597000122,0.07355004549026489,0.07355004549026489,0.08726186027129491,0.10331230581297307,0.08260813650758625,0.34676926776547745
EvolveGCN-H,minmax,999,0.20499999821186066,0.2728577256202698,0.06785772740840912,0.06785772740840912,0.08726186027129491,0.10331230581297307,0.08260813650758625,0.34676926776547745
EvolveGCN-H,minmax,999,0.47380000352859497,0.24134881794452667,-0.2324511855840683,-0.2324511855840683,0.08726186027129491,0.10331230581297307,0.08260813650758625,0.34676926776547745
EvolveGCN-H,minmax,999,0.45899999141693115,0.311422199010849,-0.14757779240608215,-0.14757779240608215,0.08726186027129491,0.10331230581297307,0.08260813650758625,0.34676926776547745
EvolveGCN-H,minmax,999,0.358599990606308,0.30557331442832947,-0.053026676177978516,-0.053026676177978516,0.08726186027129491,0.10331230581297307,0.08260813650758625,0.34676926776547745
EvolveGCN-H,minmax,999,0.41620001196861267,0.3163806200027466,-0.09981939196586609,-0.09981939196586609,0.08726186027129491,0.10331230581297307,0.08260813650758625,0.34676926776547745
EvolveGCN-H,minmax,999,0.14740000665187836,0.322759211063385,0.17535920441150665,0.17535920441150665,0.08726186027129491,0.10331230581297307,0.08260813650758625,0.34676926776547745
EvolveGCN-H,minmax,999,0.19419999420642853,0.2791164517402649,0.08491645753383636,0.08491645753383636,0.08726186027129491,0.10331230581297307,0.08260813650758625,0.34676926776547745
EvolveGCN-H,minmax,999,0.41179999709129333,0.28464317321777344,-0.1271568238735199,-0.1271568238735199,0.08726186027129491,0.10331230581297307,0.08260813650758625,0.34676926776547745
EvolveGCN-H,minmax,999,0.18299999833106995,0.3147614896297455,0.13176149129867554,0.13176149129867554,0.08726186027129491,0.10331230581297307,0.08260813650758625,0.34676926776547745
EvolveGCN-H,minmax,999,0.2978000044822693,0.3039661943912506,0.006166189908981323,0.006166189908981323,0.08726186027129491,0.10331230581297307,0.08260813650758625,0.34676926776547745
EvolveGCN-H,minmax,999,0.37139999866485596,0.3234354853630066,-0.047964513301849365,-0.047964513301849365,0.08726186027129491,0.10331230581297307,0.08260813650758625,0.34676926776547745
EvolveGCN-H,minmax,999,0.17180000245571136,0.2689554989337921,0.09715549647808075,0.09715549647808075,0.08726186027129491,0.10331230581297307,0.08260813650758625,0.34676926776547745
EvolveGCN-H,minmax,999,0.23340000212192535,0.30828431248664856,0.0748843103647232,0.0748843103647232,0.08726186027129491,0.10331230581297307,0.08260813650758625,0.34676926776547745
EvolveGCN-H,minmax,999,0.27379998564720154,0.2756003141403198,0.0018003284931182861,0.0018003284931182861,0.08726186027129491,0.10331230581297307,0.08260813650758625,0.34676926776547745
EvolveGCN-H,minmax,999,0.1889999955892563,0.31099700927734375,0.12199701368808746,0.12199701368808746,0.08726186027129491,0.10331230581297307,0.08260813650758625,0.34676926776547745
EvolveGCN-H,minmax,999,0.3781999945640564,0.32991111278533936,-0.04828888177871704,-0.04828888177871704,0.08726186027129491,0.10331230581297307,0.08260813650758625,0.34676926776547745
Static GCN,minmax,777,0.40860000252723694,0.33802616596221924,-0.0705738365650177,-0.0705738365650177,0.09758672704299291,0.11453816065514755,-0.03988834397349761,-0.06601276435887043
Static GCN,minmax,777,0.4374000132083893,0.3044472336769104,-0.13295277953147888,-0.13295277953147888,0.09758672704299291,0.11453816065514755,-0.03988834397349761,-0.06601276435887043
Static GCN,minmax,777,0.11739999800920486,0.33405792713165283,0.21665792912244797,0.21665792912244797,0.09758672704299291,0.11453816065514755,-0.03988834397349761,-0.06601276435887043
Static GCN,minmax,777,0.2345999926328659,0.3034682869911194,0.06886829435825348,0.06886829435825348,0.09758672704299291,0.11453816065514755,-0.03988834397349761,-0.06601276435887043
Static GCN,minmax,777,0.10300000011920929,0.2898724675178528,0.1868724673986435,0.1868724673986435,0.09758672704299291,0.11453816065514755,-0.03988834397349761,-0.06601276435887043
Static GCN,minmax,777,0.30379998683929443,0.3079026937484741,0.0041027069091796875,0.0041027069091796875,0.09758672704299291,0.11453816065514755,-0.03988834397349761,-0.06601276435887043
Static GCN,minmax,777,0.4765999913215637,0.31135523319244385,-0.16524475812911987,-0.16524475812911987,0.09758672704299291,0.11453816065514755,-0.03988834397349761,-0.06601276435887043
Static GCN,minmax,777,0.4002000093460083,0.3008401095867157,-0.0993598997592926,-0.0993598997592926,0.09758672704299291,0.11453816065514755,-0.03988834397349761,-0.06601276435887043
Static GCN,minmax,777,0.3458000123500824,0.3111930191516876,-0.034606993198394775,-0.034606993198394775,0.09758672704299291,0.11453816065514755,-0.03988834397349761,-0.06601276435887043
Static GCN,minmax,777,0.3578000068664551,0.32454943656921387,-0.03325057029724121,-0.03325057029724121,0.09758672704299291,0.11453816065514755,-0.03988834397349761,-0.06601276435887043
Static GCN,minmax,777,0.3725999891757965,0.3131335973739624,-0.059466391801834106,-0.059466391801834106,0.09758672704299291,0.11453816065514755,-0.03988834397349761,-0.06601276435887043
Static GCN,minmax,777,0.2401999980211258,0.2873266637325287,0.04712666571140289,0.04712666571140289,0.09758672704299291,0.11453816065514755,-0.03988834397349761,-0.06601276435887043
Static GCN,minmax,777,0.3102000057697296,0.28754040598869324,-0.022659599781036377,-0.022659599781036377,0.09758672704299291,0.11453816065514755,-0.03988834397349761,-0.06601276435887043
Static GCN,minmax,777,0.40939998626708984,0.3107515573501587,-0.09864842891693115,-0.09864842891693115,0.09758672704299291,0.11453816065514755,-0.03988834397349761,-0.06601276435887043
Static GCN,minmax,777,0.4713999927043915,0.29704993963241577,-0.1743500530719757,-0.1743500530719757,0.09758672704299291,0.11453816065514755,-0.03988834397349761,-0.06601276435887043
Static GCN,minmax,777,0.3529999852180481,0.2905479371547699,-0.0624520480632782,-0.0624520480632782,0.09758672704299291,0.11453816065514755,-0.03988834397349761,-0.06601276435887043
Static GCN,minmax,777,0.21140000224113464,0.30657273530960083,0.09517273306846619,0.09517273306846619,0.09758672704299291,0.11453816065514755,-0.03988834397349761,-0.06601276435887043
Static GCN,minmax,777,0.13779999315738678,0.30338913202285767,0.1655891388654709,0.1655891388654709,0.09758672704299291,0.11453816065514755,-0.03988834397349761,-0.06601276435887043
Static GCN,minmax,777,0.1754000037908554,0.28734809160232544,0.11194808781147003,0.11194808781147003,0.09758672704299291,0.11453816065514755,-0.03988834397349761,-0.06601276435887043
Static GCN,minmax,777,0.22139999270439148,0.29894566535949707,0.07754567265510559,0.07754567265510559,0.09758672704299291,0.11453816065514755,-0.03988834397349761,-0.06601276435887043
Static GCN,minmax,777,0.2802000045776367,0.28766655921936035,0.007466554641723633,0.007466554641723633,0.09758672704299291,0.11453816065514755,-0.03988834397349761,-0.06601276435887043
Static GCN,minmax,777,0.28540000319480896,0.29271548986434937,0.007315486669540405,0.007315486669540405,0.09758672704299291,0.11453816065514755,-0.03988834397349761,-0.06601276435887043
Static GCN,minmax,777,0.2614000141620636,0.29358282685279846,0.03218281269073486,0.03218281269073486,0.09758672704299291,0.11453816065514755,-0.03988834397349761,-0.06601276435887043
Static GCN,minmax,777,0.26660001277923584,0.29433608055114746,0.02773606777191162,0.02773606777191162,0.09758672704299291,0.11453816065514755,-0.03988834397349761,-0.06601276435887043
Static GCN,minmax,777,0.4625999927520752,0.3151475489139557,-0.1474524438381195,-0.1474524438381195,0.09758672704299291,0.11453816065514755,-0.03988834397349761,-0.06601276435887043
Static GCN,minmax,777,0.44620001316070557,0.28730523586273193,-0.15889477729797363,-0.15889477729797363,0.09758672704299291,0.11453816065514755,-0.03988834397349761,-0.06601276435887043
Static GCN,minmax,777,0.43380001187324524,0.3384680151939392,-0.09533199667930603,-0.09533199667930603,0.09758672704299291,0.11453816065514755,-0.03988834397349761,-0.06601276435887043
Static GCN,minmax,777,0.17739999294281006,0.3339524269104004,0.15655243396759033,0.15655243396759033,0.09758672704299291,0.11453816065514755,-0.03988834397349761,-0.06601276435887043
Static GCN,minmax,777,0.4381999969482422,0.2999904155731201,-0.13820958137512207,-0.13820958137512207,0.09758672704299291,0.11453816065514755,-0.03988834397349761,-0.06601276435887043
Static GCN,minmax,777,0.28780001401901245,0.3195570707321167,0.03175705671310425,0.03175705671310425,0.09758672704299291,0.11453816065514755,-0.03988834397349761,-0.06601276435887043
Static GCN,minmax,777,0.4185999929904938,0.28739964962005615,-0.13120034337043762,-0.13120034337043762,0.09758672704299291,0.11453816065514755,-0.03988834397349761,-0.06601276435887043
Static GCN,minmax,777,0.3149999976158142,0.33202433586120605,0.017024338245391846,0.017024338245391846,0.09758672704299291,0.11453816065514755,-0.03988834397349761,-0.06601276435887043
Static GCN,minmax,777,0.26339998841285706,0.31810182332992554,0.05470183491706848,0.05470183491706848,0.09758672704299291,0.11453816065514755,-0.03988834397349761,-0.06601276435887043
Static GCN,minmax,777,0.10499999672174454,0.30296069383621216,0.19796069711446762,0.19796069711446762,0.09758672704299291,0.11453816065514755,-0.03988834397349761,-0.06601276435887043
Static GCN,minmax,777,0.3846000134944916,0.3067980408668518,-0.07780197262763977,-0.07780197262763977,0.09758672704299291,0.11453816065514755,-0.03988834397349761,-0.06601276435887043
Static GCN,minmax,777,0.20340000092983246,0.3178160786628723,0.11441607773303986,0.11441607773303986,0.09758672704299291,0.11453816065514755,-0.03988834397349761,-0.06601276435887043
Static GCN,minmax,777,0.2797999978065491,0.3173363208770752,0.03753632307052612,0.03753632307052612,0.09758672704299291,0.11453816065514755,-0.03988834397349761,-0.06601276435887043
Static GCN,minmax,777,0.21459999680519104,0.31777268648147583,0.10317268967628479,0.10317268967628479,0.09758672704299291,0.11453816065514755,-0.03988834397349761,-0.06601276435887043
Static GCN,minmax,777,0.43779999017715454,0.2996751666069031,-0.13812482357025146,-0.13812482357025146,0.09758672704299291,0.11453816065514755,-0.03988834397349761,-0.06601276435887043
Static GCN,minmax,777,0.14900000393390656,0.28744056820869446,0.1384405642747879,0.1384405642747879,0.09758672704299291,0.11453816065514755,-0.03988834397349761,-0.06601276435887043
Static GCN,minmax,777,0.20499999821186066,0.31259530782699585,0.10759530961513519,0.10759530961513519,0.09758672704299291,0.11453816065514755,-0.03988834397349761,-0.06601276435887043
Static GCN,minmax,777,0.4941999912261963,0.32943254709243774,-0.16476744413375854,-0.16476744413375854,0.09758672704299291,0.11453816065514755,-0.03988834397349761,-0.06601276435887043
Static GCN,minmax,777,0.1462000012397766,0.33180204033851624,0.18560203909873962,0.18560203909873962,0.09758672704299291,0.11453816065514755,-0.03988834397349761,-0.06601276435887043
Static GCN,minmax,777,0.46459999680519104,0.30309438705444336,-0.16150560975074768,-0.16150560975074768,0.09758672704299291,0.11453816065514755,-0.03988834397349761,-0.06601276435887043
Static GCN,minmax,777,0.11819999665021896,0.3004222512245178,0.18222225457429886,0.18222225457429886,0.09758672704299291,0.11453816065514755,-0.03988834397349761,-0.06601276435887043
Static GCN,minmax,777,0.41339999437332153,0.30989521741867065,-0.10350477695465088,-0.10350477695465088,0.09758672704299291,0.11453816065514755,-0.03988834397349761,-0.06601276435887043
Static GCN,minmax,777,0.16859999299049377,0.3219950199127197,0.15339502692222595,0.15339502692222595,0.09758672704299291,0.11453816065514755,-0.03988834397349761,-0.06601276435887043
Static GCN,minmax,777,0.35580000281333923,0.2931032180786133,-0.06269678473472595,-0.06269678473472595,0.09758672704299291,0.11453816065514755,-0.03988834397349761,-0.06601276435887043
Static GCN,minmax,777,0.11580000072717667,0.33585602045059204,0.22005601972341537,0.22005601972341537,0.09758672704299291,0.11453816065514755,-0.03988834397349761,-0.06601276435887043
Static GCN,minmax,777,0.31779998540878296,0.3348568081855774,0.017056822776794434,0.017056822776794434,0.09758672704299291,0.11453816065514755,-0.03988834397349761,-0.06601276435887043
Static GCN,minmax,777,0.40059998631477356,0.2874784767627716,-0.11312150955200195,-0.11312150955200195,0.09758672704299291,0.11453816065514755,-0.03988834397349761,-0.06601276435887043
Static GCN,minmax,777,0.19140000641345978,0.29563045501708984,0.10423044860363007,0.10423044860363007,0.09758672704299291,0.11453816065514755,-0.03988834397349761,-0.06601276435887043
Static GCN,minmax,777,0.28700000047683716,0.2955738306045532,0.008573830127716064,0.008573830127716064,0.09758672704299291,0.11453816065514755,-0.03988834397349761,-0.06601276435887043
Static GCN,minmax,777,0.17499999701976776,0.28767168521881104,0.11267168819904327,0.11267168819904327,0.09758672704299291,0.11453816065514755,-0.03988834397349761,-0.06601276435887043
Static GCN,minmax,777,0.2773999869823456,0.31668663024902344,0.039286643266677856,0.039286643266677856,0.09758672704299291,0.11453816065514755,-0.03988834397349761,-0.06601276435887043
Static GCN,minmax,777,0.35019999742507935,0.31541740894317627,-0.034782588481903076,-0.034782588481903076,0.09758672704299291,0.11453816065514755,-0.03988834397349761,-0.06601276435887043
Static GCN,minmax,777,0.375,0.2951089143753052,-0.07989108562469482,-0.07989108562469482,0.09758672704299291,0.11453816065514755,-0.03988834397349761,-0.06601276435887043
Static GCN,minmax,777,0.4334000051021576,0.29337549209594727,-0.14002451300621033,-0.14002451300621033,0.09758672704299291,0.11453816065514755,-0.03988834397349761,-0.06601276435887043
Static GCN,minmax,777,0.34139999747276306,0.30263322591781616,-0.0387667715549469,-0.0387667715549469,0.09758672704299291,0.11453816065514755,-0.03988834397349761,-0.06601276435887043
Static GCN,minmax,777,0.4997999966144562,0.30869942903518677,-0.1911005675792694,-0.1911005675792694,0.09758672704299291,0.11453816065514755,-0.03988834397349761,-0.06601276435887043
Static GCN,minmax,777,0.10939999669790268,0.29455703496932983,0.18515703827142715,0.18515703827142715,0.09758672704299291,0.11453816065514755,-0.03988834397349761,-0.06601276435887043
Static GCN,minmax,777,0.23019999265670776,0.3454960584640503,0.11529606580734253,0.11529606580734253,0.09758672704299291,0.11453816065514755,-0.03988834397349761,-0.06601276435887043
Static GCN,minmax,777,0.2770000100135803,0.3227139711380005,0.045713961124420166,0.045713961124420166,0.09758672704299291,0.11453816065514755,-0.03988834397349761,-0.06601276435887043
Static GCN,minmax,777,0.3601999878883362,0.29242849349975586,-0.06777149438858032,-0.06777149438858032,0.09758672704299291,0.11453816065514755,-0.03988834397349761,-0.06601276435887043
Static GCN,minmax,777,0.13979999721050262,0.29741111397743225,0.15761111676692963,0.15761111676692963,0.09758672704299291,0.11453816065514755,-0.03988834397349761,-0.06601276435887043
Static GCN,minmax,777,0.17020000517368317,0.3229558765888214,0.15275587141513824,0.15275587141513824,0.09758672704299291,0.11453816065514755,-0.03988834397349761,-0.06601276435887043
Static GCN,minmax,777,0.34700000286102295,0.28738898038864136,-0.05961102247238159,-0.05961102247238159,0.09758672704299291,0.11453816065514755,-0.03988834397349761,-0.06601276435887043
Static GCN,minmax,777,0.3901999890804291,0.2901320457458496,-0.10006794333457947,-0.10006794333457947,0.09758672704299291,0.11453816065514755,-0.03988834397349761,-0.06601276435887043
Static GCN,minmax,777,0.4745999872684479,0.2903520464897156,-0.1842479407787323,-0.1842479407787323,0.09758672704299291,0.11453816065514755,-0.03988834397349761,-0.06601276435887043
Static GCN,minmax,777,0.39739999175071716,0.3326653838157654,-0.06473460793495178,-0.06473460793495178,0.09758672704299291,0.11453816065514755,-0.03988834397349761,-0.06601276435887043
Static GCN,minmax,777,0.2558000087738037,0.2929767966270447,0.03717678785324097,0.03717678785324097,0.09758672704299291,0.11453816065514755,-0.03988834397349761,-0.06601276435887043
Static GCN,minmax,777,0.28619998693466187,0.2874571681022644,0.001257181167602539,0.001257181167602539,0.09758672704299291,0.11453816065514755,-0.03988834397349761,-0.06601276435887043
Static GCN,minmax,777,0.2637999951839447,0.3102371394634247,0.04643714427947998,0.04643714427947998,0.09758672704299291,0.11453816065514755,-0.03988834397349761,-0.06601276435887043
Static GCN,minmax,777,0.4262000024318695,0.2926289439201355,-0.133571058511734,-0.133571058511734,0.09758672704299291,0.11453816065514755,-0.03988834397349761,-0.06601276435887043
Static GCN,minmax,777,0.2930000126361847,0.286984384059906,-0.0060156285762786865,-0.0060156285762786865,0.09758672704299291,0.11453816065514755,-0.03988834397349761,-0.06601276435887043
EvolveGCN-H,zscore,123,0.11020000278949738,0.2543664276599884,0.14416642487049103,0.14416642487049103,0.09287951131661733,0.10971465143807137,0.07019430018386807,0.2658331021877767
EvolveGCN-H,zscore,123,0.2766000032424927,0.23721875250339508,-0.039381250739097595,-0.039381250739097595,0.09287951131661733,0.10971465143807137,0.07019430018386807,0.2658331021877767
EvolveGCN-H,zscore,123,0.4758000075817108,0.3373924791812897,-0.13840752840042114,-0.13840752840042114,0.09287951131661733,0.10971465143807137,0.07019430018386807,0.2658331021877767
EvolveGCN-H,zscore,123,0.17579999566078186,0.28903448581695557,0.1132344901561737,0.1132344901561737,0.09287951131661733,0.10971465143807137,0.07019430018386807,0.2658331021877767
EvolveGCN-H,zscore,123,0.4918000102043152,0.3155689835548401,-0.1762310266494751,-0.1762310266494751,0.09287951131661733,0.10971465143807137,0.07019430018386807,0.2658331021877767
EvolveGCN-H,zscore,123,0.12020000070333481,0.30953988432884216,0.18933988362550735,0.18933988362550735,0.09287951131661733,0.10971465143807137,0.07019430018386807,0.2658331021877767
EvolveGCN-H,zscore,123,0.3601999878883362,0.33603325486183167,-0.024166733026504517,-0.024166733026504517,0.09287951131661733,0.10971465143807137,0.07019430018386807,0.2658331021877767
EvolveGCN-H,zscore,123,0.29820001125335693,0.27253925800323486,-0.02566075325012207,-0.02566075325012207,0.09287951131661733,0.10971465143807137,0.07019430018386807,0.2658331021877767
EvolveGCN-H,zscore,123,0.20739999413490295,0.30383390188217163,0.09643390774726868,0.09643390774726868,0.09287951131661733,0.10971465143807137,0.07019430018386807,0.2658331021877767
EvolveGCN-H,zscore,123,0.3529999852180481,0.2806153893470764,-0.07238459587097168,-0.07238459587097168,0.09287951131661733,0.10971465143807137,0.07019430018386807,0.2658331021877767
EvolveGCN-H,zscore,123,0.15060000121593475,0.2831207513809204,0.13252075016498566,0.13252075016498566,0.09287951131661733,0.10971465143807137,0.07019430018386807,0.2658331021877767
EvolveGCN-H,zscore,123,0.10859999805688858,0.2857644557952881,0.1771644577383995,0.1771644577383995,0.09287951131661733,0.10971465143807137,0.07019430018386807,0.2658331021877767
EvolveGCN-H,zscore,123,0.4625999927520752,0.31216874718666077,-0.15043124556541443,-0.15043124556541443,0.09287951131661733,0.10971465143807137,0.07019430018386807,0.2658331021877767
EvolveGCN-H,zscore,123,0.2754000127315521,0.28817492723464966,0.012774914503097534,0.012774914503097534,0.09287951131661733,0.10971465143807137,0.07019430018386807,0.2658331021877767
EvolveGCN-H,zscore,123,0.19419999420642853,0.3028111159801483,0.10861112177371979,0.10861112177371979,0.09287951131661733,0.10971465143807137,0.07019430018386807,0.2658331021877767
EvolveGCN-H,zscore,123,0.40779998898506165,0.3171745240688324,-0.09062546491622925,-0.09062546491622925,0.09287951131661733,0.10971465143807137,0.07019430018386807,0.2658331021877767
EvolveGCN-H,zscore,123,0.11940000206232071,0.30106258392333984,0.18166258186101913,0.18166258186101913,0.09287951131661733,0.10971465143807137,0.07019430018386807,0.2658331021877767
EvolveGCN-H,zscore,123,0.38499999046325684,0.3038389980792999,-0.08116099238395691,-0.08116099238395691,0.09287951131661733,0.10971465143807137,0.07019430018386807,0.2658331021877767
EvolveGCN-H,zscore,123,0.16699999570846558,0.2671266794204712,0.10012668371200562,0.10012668371200562,0.09287951131661733,0.10971465143807137,0.07019430018386807,0.2658331021877767
EvolveGCN-H,zscore,123,0.27619999647140503,0.23099052906036377,-0.04520946741104126,-0.04520946741104126,0.09287951131661733,0.10971465143807137,0.07019430018386807,0.2658331021877767
EvolveGCN-H,zscore,123,0.4578000009059906,0.3102225661277771,-0.1475774347782135,-0.1475774347782135,0.09287951131661733,0.10971465143807137,0.07019430018386807,0.2658331021877767
EvolveGCN-H,zscore,123,0.4941999912261963,0.3209916055202484,-0.17320838570594788,-0.17320838570594788,0.09287951131661733,0.10971465143807137,0.07019430018386807,0.2658331021877767
EvolveGCN-H,zscore,123,0.24379999935626984,0.2334187924861908,-0.01038120687007904,-0.01038120687007904,0.09287951131661733,0.10971465143807137,0.07019430018386807,0.2658331021877767
EvolveGCN-H,zscore,123,0.10700000077486038,0.27319830656051636,0.16619830578565598,0.16619830578565598,0.09287951131661733,0.10971465143807137,0.07019430018386807,0.2658331021877767
EvolveGCN-H,zscore,123,0.18979999423027039,0.2736344337463379,0.0838344395160675,0.0838344395160675,0.09287951131661733,0.10971465143807137,0.07019430018386807,0.2658331021877767
EvolveGCN-H,zscore,123,0.2978000044822693,0.31634920835494995,0.018549203872680664,0.018549203872680664,0.09287951131661733,0.10971465143807137,0.07019430018386807,0.2658331021877767
EvolveGCN-H,zscore,123,0.35339999198913574,0.27021363377571106,-0.08318635821342468,-0.08318635821342468,0.09287951131661733,0.10971465143807137,0.07019430018386807,0.2658331021877767
EvolveGCN-H,zscore,123,0.10899999737739563,0.3438955545425415,0.23489555716514587,0.23489555716514587,0.09287951131661733,0.10971465143807137,0.07019430018386807,0.2658331021877767
EvolveGCN-H,zscore,123,0.16019999980926514,0.31071922183036804,0.1505192220211029,0.1505192220211029,0.09287951131661733,0.10971465143807137,0.07019430018386807,0.2658331021877767
EvolveGCN-H,zscore,123,0.29019999504089355,0.293082058429718,0.002882063388824463,0.002882063388824463,0.09287951131661733,0.10971465143807137,0.07019430018386807,0.2658331021877767
EvolveGCN-H,zscore,123,0.17739999294281006,0.28638434410095215,0.10898435115814209,0.10898435115814209,0.09287951131661733,0.10971465143807137,0.07019430018386807,0.2658331021877767
EvolveGCN-H,zscore,123,0.2101999968290329,0.3045710325241089,0.09437103569507599,0.09437103569507599,0.09287951131661733,0.10971465143807137,0.07019430018386807,0.2658331021877767
EvolveGCN-H,zscore,123,0.26339998841285706,0.2565443217754364,-0.006855666637420654,-0.006855666637420654,0.09287951131661733,0.10971465143807137,0.07019430018386807,0.2658331021877767
EvolveGCN-H,zscore,123,0.4189999997615814,0.3025030493736267,-0.11649695038795471,-0.11649695038795471,0.09287951131661733,0.10971465143807137,0.07019430018386807,0.2658331021877767
EvolveGCN-H,zscore,123,0.1738000065088272,0.3417889475822449,0.16798894107341766,0.16798894107341766,0.09287951131661733,0.10971465143807137,0.07019430018386807,0.2658331021877767
EvolveGCN-H,zscore,123,0.4138000011444092,0.3342168629169464,-0.07958313822746277,-0.07958313822746277,0.09287951131661733,0.10971465143807137,0.07019430018386807,0.2658331021877767
EvolveGCN-H,zscore,123,0.11500000208616257,0.25766074657440186,0.1426607444882393,0.1426607444882393,0.09287951131661733,0.10971465143807137,0.07019430018386807,0.2658331021877767
EvolveGCN-H,zscore,123,0.3693999946117401,0.3192785084247589,-0.0501214861869812,-0.0501214861869812,0.09287951131661733,0.10971465143807137,0.07019430018386807,0.2658331021877767
EvolveGCN-H,zscore,123,0.10419999808073044,0.265077143907547,0.16087714582681656,0.16087714582681656,0.09287951131661733,0.10971465143807137,0.07019430018386807,0.2658331021877767
EvolveGCN-H,zscore,123,0.23980000615119934,0.3043496608734131,0.06454965472221375,0.06454965472221375,0.09287951131661733,0.10971465143807137,0.07019430018386807,0.2658331021877767
EvolveGCN-H,zscore,123,0.272599995136261,0.27623260021209717,0.0036326050758361816,0.0036326050758361816,0.09287951131661733,0.10971465143807137,0.07019430018386807,0.2658331021877767
EvolveGCN-H,zscore,123,0.38420000672340393,0.31926411390304565,-0.06493589282035828,-0.06493589282035828,0.09287951131661733,0.10971465143807137,0.07019430018386807,0.2658331021877767
EvolveGCN-H,zscore,123,0.4569999873638153,0.33800387382507324,-0.11899611353874207,-0.11899611353874207,0.09287951131661733,0.10971465143807137,0.07019430018386807,0.2658331021877767
EvolveGCN-H,zscore,123,0.41620001196861267,0.30450859665870667,-0.111691415309906,-0.111691415309906,0.09287951131661733,0.10971465143807137,0.07019430018386807,0.2658331021877767
EvolveGCN-H,zscore,123,0.2770000100135803,0.29879939556121826,0.02179938554763794,0.02179938554763794,0.09287951131661733,0.10971465143807137,0.07019430018386807,0.2658331021877767
EvolveGCN-H,zscore,123,0.3578000068664551,0.3204154968261719,-0.0373845100402832,-0.0373845100402832,0.09287951131661733,0.10971465143807137,0.07019430018386807,0.2658331021877767
EvolveGCN-H,zscore,123,0.4406000077724457,0.2282375991344452,-0.2123624086380005,-0.2123624086380005,0.09287951131661733,0.10971465143807137,0.07019430018386807,0.2658331021877767
EvolveGCN-H,zscore,123,0.3418000042438507,0.2660030722618103,-0.0757969319820404,-0.0757969319820404,0.09287951131661733,0.10971465143807137,0.07019430018386807,0.2658331021877767
EvolveGCN-H,zscore,123,0.1462000012397766,0.2499089539051056,0.10370895266532898,0.10370895266532898,0.09287951131661733,0.10971465143807137,0.07019430018386807,0.2658331021877767
EvolveGCN-H,zscore,123,0.3357999920845032,0.2574883699417114,-0.07831162214279175,-0.07831162214279175,0.09287951131661733,0.10971465143807137,0.07019430018386807,0.2658331021877767
EvolveGCN-H,zscore,123,0.41019999980926514,0.2758861482143402,-0.13431385159492493,-0.13431385159492493,0.09287951131661733,0.10971465143807137,0.07019430018386807,0.2658331021877767
EvolveGCN-H,zscore,123,0.24500000476837158,0.28936874866485596,0.044368743896484375,0.044368743896484375,0.09287951131661733,0.10971465143807137,0.07019430018386807,0.2658331021877767
EvolveGCN-H,zscore,123,0.19820000231266022,0.26100659370422363,0.06280659139156342,0.06280659139156342,0.09287951131661733,0.10971465143807137,0.07019430018386807,0.2658331021877767
EvolveGCN-H,zscore,123,0.46459999680519104,0.342398077249527,-0.12220191955566406,-0.12220191955566406,0.09287951131661733,0.10971465143807137,0.07019430018386807,0.2658331021877767
EvolveGCN-H,zscore,123,0.3901999890804291,0.3106461465358734,-0.07955384254455566,-0.07955384254455566,0.09287951131661733,0.10971465143807137,0.07019430018386807,0.2658331021877767
EvolveGCN-H,zscore,123,0.241799995303154,0.2533644139766693,0.01156441867351532,0.01156441867351532,0.09287951131661733,0.10971465143807137,0.07019430018386807,0.2658331021877767
EvolveGCN-H,zscore,123,0.32339999079704285,0.3373892903327942,0.013989299535751343,0.013989299535751343,0.09287951131661733,0.10971465143807137,0.07019430018386807,0.2658331021877767
EvolveGCN-H,zscore,123,0.23819999396800995,0.2585480213165283,0.02034802734851837,0.02034802734851837,0.09287951131661733,0.10971465143807137,0.07019430018386807,0.2658331021877767
EvolveGCN-H,zscore,123,0.4729999899864197,0.24069012701511383,-0.23230986297130585,-0.23230986297130585,0.09287951131661733,0.10971465143807137,0.07019430018386807,0.2658331021877767
EvolveGCN-H,zscore,123,0.4302000105381012,0.3245319724082947,-0.10566803812980652,-0.10566803812980652,0.09287951131661733,0.10971465143807137,0.07019430018386807,0.2658331021877767
EvolveGCN-H,zscore,123,0.35580000281333923,0.31378689408302307,-0.04201310873031616,-0.04201310873031616,0.09287951131661733,0.10971465143807137,0.07019430018386807,0.2658331021877767
EvolveGCN-H,zscore,123,0.43059998750686646,0.2677716016769409,-0.16282838582992554,-0.16282838582992554,0.09287951131661733,0.10971465143807137,0.07019430018386807,0.2658331021877767
EvolveGCN-H,zscore,123,0.2750000059604645,0.27972647547721863,0.00472646951675415,0.00472646951675415,0.09287951131661733,0.10971465143807137,0.07019430018386807,0.2658331021877767
EvolveGCN-H,zscore,123,0.41499999165534973,0.27664172649383545,-0.13835826516151428,-0.13835826516151428,0.09287951131661733,0.10971465143807137,0.07019430018386807,0.2658331021877767
EvolveGCN-H,zscore,123,0.3061999976634979,0.2734808027744293,-0.032719194889068604,-0.032719194889068604,0.09287951131661733,0.10971465143807137,0.07019430018386807,0.2658331021877767
EvolveGCN-H,zscore,123,0.22059999406337738,0.2875351905822754,0.06693519651889801,0.06693519651889801,0.09287951131661733,0.10971465143807137,0.07019430018386807,0.2658331021877767
EvolveGCN-H,zscore,123,0.4410000145435333,0.30073124170303345,-0.14026877284049988,-0.14026877284049988,0.09287951131661733,0.10971465143807137,0.07019430018386807,0.2658331021877767
EvolveGCN-H,zscore,123,0.34540000557899475,0.2674543559551239,-0.07794564962387085,-0.07794564962387085,0.09287951131661733,0.10971465143807137,0.07019430018386807,0.2658331021877767
EvolveGCN-H,zscore,123,0.19020000100135803,0.2798203229904175,0.08962032198905945,0.08962032198905945,0.09287951131661733,0.10971465143807137,0.07019430018386807,0.2658331021877767
EvolveGCN-H,zscore,123,0.20340000092983246,0.30883151292800903,0.10543151199817657,0.10543151199817657,0.09287951131661733,0.10971465143807137,0.07019430018386807,0.2658331021877767
EvolveGCN-H,zscore,123,0.2937999963760376,0.2768985629081726,-0.01690143346786499,-0.01690143346786499,0.09287951131661733,0.10971465143807137,0.07019430018386807,0.2658331021877767
EvolveGCN-H,zscore,123,0.2502000033855438,0.3238995671272278,0.07369956374168396,0.07369956374168396,0.09287951131661733,0.10971465143807137,0.07019430018386807,0.2658331021877767
EvolveGCN-H,zscore,123,0.2962000072002411,0.33583855628967285,0.03963854908943176,0.03963854908943176,0.09287951131661733,0.10971465143807137,0.07019430018386807,0.2658331021877767
EvolveGCN-H,zscore,123,0.3709999918937683,0.29533785581588745,-0.07566213607788086,-0.07566213607788086,0.09287951131661733,0.10971465143807137,0.07019430018386807,0.2658331021877767
EvolveGCN-H,zscore,123,0.17980000376701355,0.259854793548584,0.08005478978157043,0.08005478978157043,0.09287951131661733,0.10971465143807137,0.07019430018386807,0.2658331021877767
Static GCN,zscore,777,0.40860000252723694,0.3020103871822357,-0.10658961534500122,-0.10658961534500122,0.10255750546852747,0.12017346542959702,-0.14473107187477496,0.024921452459682015
Static GCN,zscore,777,0.4374000132083893,0.2742224931716919,-0.1631775200366974,-0.1631775200366974,0.10255750546852747,0.12017346542959702,-0.14473107187477496,0.024921452459682015
Static GCN,zscore,777,0.11739999800920486,0.23749130964279175,0.12009131163358688,0.12009131163358688,0.10255750546852747,0.12017346542959702,-0.14473107187477496,0.024921452459682015
Static GCN,zscore,777,0.2345999926328659,0.32505279779434204,0.09045280516147614,0.09045280516147614,0.10255750546852747,0.12017346542959702,-0.14473107187477496,0.024921452459682015
Static GCN,zscore,777,0.10300000011920929,0.2627052068710327,0.15970520675182343,0.15970520675182343,0.10255750546852747,0.12017346542959702,-0.14473107187477496,0.024921452459682015
Static GCN,zscore,777,0.30379998683929443,0.2867303490638733,-0.017069637775421143,-0.017069637775421143,0.10255750546852747,0.12017346542959702,-0.14473107187477496,0.024921452459682015
Static GCN,zscore,777,0.4765999913215637,0.3583430051803589,-0.11825698614120483,-0.11825698614120483,0.10255750546852747,0.12017346542959702,-0.14473107187477496,0.024921452459682015
Static GCN,zscore,777,0.4002000093460083,0.2854725122451782,-0.11472749710083008,-0.11472749710083008,0.10255750546852747,0.12017346542959702,-0.14473107187477496,0.024921452459682015
Static GCN,zscore,777,0.3458000123500824,0.2491300404071808,-0.09666997194290161,-0.09666997194290161,0.10255750546852747,0.12017346542959702,-0.14473107187477496,0.024921452459682015
Static GCN,zscore,777,0.3578000068664551,0.29101258516311646,-0.06678742170333862,-0.06678742170333862,0.10255750546852747,0.12017346542959702,-0.14473107187477496,0.024921452459682015
Static GCN,zscore,777,0.3725999891757965,0.37734779715538025,0.00474780797958374,0.00474780797958374,0.10255750546852747,0.12017346542959702,-0.14473107187477496,0.024921452459682015
Static GCN,zscore,777,0.2401999980211258,0.24852800369262695,0.00832800567150116,0.00832800567150116,0.10255750546852747,0.12017346542959702,-0.14473107187477496,0.024921452459682015
Static GCN,zscore,777,0.3102000057697296,0.3427125811576843,0.03251257538795471,0.03251257538795471,0.10255750546852747,0.12017346542959702,-0.14473107187477496,0.024921452459682015
Static GCN,zscore,777,0.40939998626708984,0.27851349115371704,-0.1308864951133728,-0.1308864951133728,0.10255750546852747,0.12017346542959702,-0.14473107187477496,0.024921452459682015
Static GCN,zscore,777,0.4713999927043915,0.2601194977760315,-0.21128049492835999,-0.21128049492835999,0.10255750546852747,0.12017346542959702,-0.14473107187477496,0.024921452459682015
Static GCN,zscore,777,0.3529999852180481,0.2776802182197571,-0.07531976699829102,-0.07531976699829102,0.10255750546852747,0.12017346542959702,-0.14473107187477496,0.024921452459682015
Static GCN,zscore,777,0.21140000224113464,0.36024773120880127,0.14884772896766663,0.14884772896766663,0.10255750546852747,0.12017346542959702,-0.14473107187477496,0.024921452459682015
Static GCN,zscore,777,0.13779999315738678,0.30817219614982605,0.17037220299243927,0.17037220299243927,0.10255750546852747,0.12017346542959702,-0.14473107187477496,0.024921452459682015
Static GCN,zscore,777,0.1754000037908554,0.27472999691963196,0.09932999312877655,0.09932999312877655,0.10255750546852747,0.12017346542959702,-0.14473107187477496,0.024921452459682015
Static GCN,zscore,777,0.22139999270439148,0.365822970867157,0.1444229781627655,0.1444229781627655,0.10255750546852747,0.12017346542959702,-0.14473107187477496,0.024921452459682015
Static GCN,zscore,777,0.2802000045776367,0.27483701705932617,-0.005362987518310547,-0.005362987518310547,0.10255750546852747,0.12017346542959702,-0.14473107187477496,0.024921452459682015
Static GCN,zscore,777,0.28540000319480896,0.2742224931716919,-0.011177510023117065,-0.011177510023117065,0.10255750546852747,0.12017346542959702,-0.14473107187477496,0.024921452459682015
Static GCN,zscore,777,0.2614000141620636,0.3170407712459564,0.05564075708389282,0.05564075708389282,0.10255750546852747,0.12017346542959702,-0.14473107187477496,0.024921452459682015
Static GCN,zscore,777,0.26660001277923584,0.2837401032447815,0.017140090465545654,0.017140090465545654,0.10255750546852747,0.12017346542959702,-0.14473107187477496,0.024921452459682015
Static GCN,zscore,777,0.4625999927520752,0.28218454122543335,-0.18041545152664185,-0.18041545152664185,0.10255750546852747,0.12017346542959702,-0.14473107187477496,0.024921452459682015
Static GCN,zscore,777,0.44620001316070557,0.23642590641975403,-0.20977410674095154,-0.20977410674095154,0.10255750546852747,0.12017346542959702,-0.14473107187477496,0.024921452459682015
Static GCN,zscore,777,0.43380001187324524,0.26522377133369446,-0.16857624053955078,-0.16857624053955078,0.10255750546852747,0.12017346542959702,-0.14473107187477496,0.024921452459682015
Static GCN,zscore,777,0.17739999294281006,0.27848631143569946,0.1010863184928894,0.1010863184928894,0.10255750546852747,0.12017346542959702,-0.14473107187477496,0.024921452459682015
Static GCN,zscore,777,0.4381999969482422,0.2714564800262451,-0.16674351692199707,-0.16674351692199707,0.10255750546852747,0.12017346542959702,-0.14473107187477496,0.024921452459682015
Static GCN,zscore,777,0.28780001401901245,0.2742224931716919,-0.013577520847320557,-0.013577520847320557,0.10255750546852747,0.12017346542959702,-0.14473107187477496,0.024921452459682015
Static GCN,zscore,777,0.4185999929904938,0.23584559559822083,-0.18275439739227295,-0.18275439739227295,0.10255750546852747,0.12017346542959702,-0.14473107187477496,0.024921452459682015
Static GCN,zscore,777,0.3149999976158142,0.26738497614860535,-0.04761502146720886,-0.04761502146720886,0.10255750546852747,0.12017346542959702,-0.14473107187477496,0.024921452459682015
Static GCN,zscore,777,0.26339998841285706,0.219366654753685,-0.04403333365917206,-0.04403333365917206,0.10255750546852747,0.12017346542959702,-0.14473107187477496,0.024921452459682015
Static GCN,zscore,777,0.10499999672174454,0.27240630984306335,0.16740631312131882,0.16740631312131882,0.10255750546852747,0.12017346542959702,-0.14473107187477496,0.024921452459682015
Static GCN,zscore,777,0.3846000134944916,0.29250627756118774,-0.09209373593330383,-0.09209373593330383,0.10255750546852747,0.12017346542959702,-0.14473107187477496,0.024921452459682015
Static GCN,zscore,777,0.20340000092983246,0.30747807025909424,0.10407806932926178,0.10407806932926178,0.10255750546852747,0.12017346542959702,-0.14473107187477496,0.024921452459682015
Static GCN,zscore,777,0.2797999978065491,0.384191632270813,0.10439163446426392,0.10439163446426392,0.10255750546852747,0.12017346542959702,-0.14473107187477496,0.024921452459682015
Static GCN,zscore,777,0.21459999680519104,0.24819427728652954,0.0335942804813385,0.0335942804813385,0.10255750546852747,0.12017346542959702,-0.14473107187477496,0.024921452459682015
Static GCN,zscore,777,0.43779999017715454,0.3114602863788605,-0.12633970379829407,-0.12633970379829407,0.10255750546852747,0.12017346542959702,-0.14473107187477496,0.024921452459682015
Static GCN,zscore,777,0.14900000393390656,0.2705085277557373,0.12150852382183075,0.12150852382183075,0.10255750546852747,0.12017346542959702,-0.14473107187477496,0.024921452459682015
Static GCN,zscore,777,0.20499999821186066,0.27275270223617554,0.06775270402431488,0.06775270402431488,0.10255750546852747,0.12017346542959702,-0.14473107187477496,0.024921452459682015
Static GCN,zscore,777,0.4941999912261963,0.3126370310783386,-0.18156296014785767,-0.18156296014785767,0.10255750546852747,0.12017346542959702,-0.14473107187477496,0.024921452459682015
Static GCN,zscore,777,0.1462000012397766,0.2772955000400543,0.1310954988002777,0.1310954988002777,0.10255750546852747,0.12017346542959702,-0.14473107187477496,0.024921452459682015
Static GCN,zscore,777,0.46459999680519104,0.4524185061454773,-0.012181490659713745,-0.012181490659713745,0.10255750546852747,0.12017346542959702,-0.14473107187477496,0.024921452459682015
Static GCN,zscore,777,0.11819999665021896,0.2927139103412628,0.17451391369104385,0.17451391369104385,0.10255750546852747,0.12017346542959702,-0.14473107187477496,0.024921452459682015
Static GCN,zscore,777,0.41339999437332153,0.35050731897354126,-0.06289267539978027,-0.06289267539978027,0.10255750546852747,0.12017346542959702,-0.14473107187477496,0.024921452459682015
Static GCN,zscore,777,0.16859999299049377,0.3071821928024292,0.13858219981193542,0.13858219981193542,0.10255750546852747,0.12017346542959702,-0.14473107187477496,0.024921452459682015
Static GCN,zscore,777,0.35580000281333923,0.30368566513061523,-0.052114337682724,-0.052114337682724,0.10255750546852747,0.12017346542959702,-0.14473107187477496,0.024921452459682015
Static GCN,zscore,777,0.11580000072717667,0.2934231758117676,0.1776231750845909,0.1776231750845909,0.10255750546852747,0.12017346542959702,-0.14473107187477496,0.024921452459682015
Static GCN,zscore,777,0.31779998540878296,0.31456026434898376,-0.0032397210597991943,-0.0032397210597991943,0.10255750546852747,0.12017346542959702,-0.14473107187477496,0.024921452459682015
Static GCN,zscore,777,0.40059998631477356,0.24328500032424927,-0.1573149859905243,-0.1573149859905243,0.10255750546852747,0.12017346542959702,-0.14473107187477496,0.024921452459682015
Static GCN,zscore,777,0.19140000641345978,0.33951348066329956,0.14811347424983978,0.14811347424983978,0.10255750546852747,0.12017346542959702,-0.14473107187477496,0.024921452459682015
Static GCN,zscore,777,0.28700000047683716,0.2742224931716919,-0.012777507305145264,-0.012777507305145264,0.10255750546852747,0.12017346542959702,-0.14473107187477496,0.024921452459682015
Static GCN,zscore,777,0.17499999701976776,0.3935065269470215,0.21850652992725372,0.21850652992725372,0.10255750546852747,0.12017346542959702,-0.14473107187477496,0.024921452459682015
Static GCN,zscore,777,0.2773999869823456,0.3026755452156067,0.02527555823326111,0.02527555823326111,0.10255750546852747,0.12017346542959702,-0.14473107187477496,0.024921452459682015
Static GCN,zscore,777,0.35019999742507935,0.26206228137016296,-0.08813771605491638,-0.08813771605491638,0.10255750546852747,0.12017346542959702,-0.14473107187477496,0.024921452459682015
Static GCN,zscore,777,0.375,0.3094020485877991,-0.06559795141220093,-0.06559795141220093,0.10255750546852747,0.12017346542959702,-0.14473107187477496,0.024921452459682015
Static GCN,zscore,777,0.4334000051021576,0.2661311626434326,-0.16726884245872498,-0.16726884245872498,0.10255750546852747,0.12017346542959702,-0.14473107187477496,0.024921452459682015
Static GCN,zscore,777,0.34139999747276306,0.26358962059020996,-0.0778103768825531,-0.0778103768825531,0.10255750546852747,0.12017346542959702,-0.14473107187477496,0.024921452459682015
Static GCN,zscore,777,0.4997999966144562,0.2742224931716919,-0.22557750344276428,-0.22557750344276428,0.10255750546852747,0.12017346542959702,-0.14473107187477496,0.024921452459682015
Static GCN,zscore,777,0.10939999669790268,0.34924668073654175,0.23984668403863907,0.23984668403863907,0.10255750546852747,0.12017346542959702,-0.14473107187477496,0.024921452459682015
Static GCN,zscore,777,0.23019999265670776,0.28910285234451294,0.058902859687805176,0.058902859687805176,0.10255750546852747,0.12017346542959702,-0.14473107187477496,0.024921452459682015
Static GCN,zscore,777,0.2770000100135803,0.173246368765831,-0.10375364124774933,-0.10375364124774933,0.10255750546852747,0.12017346542959702,-0.14473107187477496,0.024921452459682015
Static GCN,zscore,777,0.3601999878883362,0.2737702429294586,-0.08642974495887756,-0.08642974495887756,0.10255750546852747,0.12017346542959702,-0.14473107187477496,0.024921452459682015
Static GCN,zscore,777,0.13979999721050262,0.2966034412384033,0.1568034440279007,0.1568034440279007,0.10255750546852747,0.12017346542959702,-0.14473107187477496,0.024921452459682015
Static GCN,zscore,777,0.17020000517368317,0.2575768530368805,0.08737684786319733,0.08737684786319733,0.10255750546852747,0.12017346542959702,-0.14473107187477496,0.024921452459682015
Static GCN,zscore,777,0.34700000286102295,0.3112552762031555,-0.03574472665786743,-0.03574472665786743,0.10255750546852747,0.12017346542959702,-0.14473107187477496,0.024921452459682015
Static GCN,zscore,777,0.3901999890804291,0.24857883155345917,-0.1416211575269699,-0.1416211575269699,0.10255750546852747,0.12017346542959702,-0.14473107187477496,0.024921452459682015
Static GCN,zscore,777,0.4745999872684479,0.35696732997894287,-0.117632657289505,-0.117632657289505,0.10255750546852747,0.12017346542959702,-0.14473107187477496,0.024921452459682015
Static GCN,zscore,777,0.39739999175071716,0.27218708395957947,-0.1252129077911377,-0.1252129077911377,0.10255750546852747,0.12017346542959702,-0.14473107187477496,0.024921452459682015
Static GCN,zscore,777,0.2558000087738037,0.2745266854763031,0.01872667670249939,0.01872667670249939,0.10255750546852747,0.12017346542959702,-0.14473107187477496,0.024921452459682015
Static GCN,zscore,777,0.28619998693466187,0.29514020681381226,0.00894021987915039,0.00894021987915039,0.10255750546852747,0.12017346542959702,-0.14473107187477496,0.024921452459682015
Static GCN,zscore,777,0.2637999951839447,0.3922395706176758,0.12843957543373108,0.12843957543373108,0.10255750546852747,0.12017346542959702,-0.14473107187477496,0.024921452459682015
Static GCN,zscore,777,0.4262000024318695,0.30311447381973267,-0.12308552861213684,-0.12308552861213684,0.10255750546852747,0.12017346542959702,-0.14473107187477496,0.024921452459682015
Static GCN,zscore,777,0.2930000126361847,0.33147159218788147,0.03847157955169678,0.03847157955169678,0.10255750546852747,0.12017346542959702,-0.14473107187477496,0.024921452459682015
