model,head_type,seed,target,prediction,residual,plotted_y,test_mae,test_rmse,test_r2,test_pearson
EvolveGCN-H,linear,123,0.44699999690055847,0.37672004103660583,-0.07027995586395264,0.37672004103660583,0.052323977819722686,0.06692279737356953,0.6560747554103737,0.8439793687140361
EvolveGCN-H,linear,123,0.11659999936819077,0.18335279822349548,0.06675279885530472,0.18335279822349548,0.052323977819722686,0.06692279737356953,0.6560747554103737,0.8439793687140361
EvolveGCN-H,linear,123,0.20499999821186066,0.22093084454536438,0.015930846333503723,0.22093084454536438,0.052323977819722686,0.06692279737356953,0.6560747554103737,0.8439793687140361
EvolveGCN-H,linear,123,0.2937999963760376,0.32828351855278015,0.034483522176742554,0.32828351855278015,0.052323977819722686,0.06692279737356953,0.6560747554103737,0.8439793687140361
EvolveGCN-H,linear,123,0.4666000008583069,0.4621531069278717,-0.004446893930435181,0.4621531069278717,0.052323977819722686,0.06692279737356953,0.6560747554103737,0.8439793687140361
EvolveGCN-H,linear,123,0.3765999972820282,0.3969537317752838,0.020353734493255615,0.3969537317752838,0.052323977819722686,0.06692279737356953,0.6560747554103737,0.8439793687140361
EvolveGCN-H,linear,123,0.3718000054359436,0.4030686020851135,0.03126859664916992,0.4030686020851135,0.052323977819722686,0.06692279737356953,0.6560747554103737,0.8439793687140361
EvolveGCN-H,linear,123,0.17059999704360962,0.20269683003425598,0.03209683299064636,0.20269683003425598,0.052323977819722686,0.06692279737356953,0.6560747554103737,0.8439793687140361
EvolveGCN-H,linear,123,0.38580000400543213,0.4231317341327667,0.037331730127334595,0.4231317341327667,0.052323977819722686,0.06692279737356953,0.6560747554103737,0.8439793687140361
EvolveGCN-H,linear,123,0.10300000011920929,0.08879175782203674,-0.014208242297172546,0.08879175782203674,0.052323977819722686,0.06692279737356953,0.6560747554103737,0.8439793687140361
EvolveGCN-H,linear,123,0.3553999960422516,0.38960516452789307,0.03420516848564148,0.38960516452789307,0.052323977819722686,0.06692279737356953,0.6560747554103737,0.8439793687140361
EvolveGCN-H,linear,123,0.33820000290870667,0.37468981742858887,0.0364898145198822,0.37468981742858887,0.052323977819722686,0.06692279737356953,0.6560747554103737,0.8439793687140361
EvolveGCN-H,linear,123,0.4185999929904938,0.36588549613952637,-0.05271449685096741,0.36588549613952637,0.052323977819722686,0.06692279737356953,0.6560747554103737,0.8439793687140361
EvolveGCN-H,linear,123,0.4205999970436096,0.501886248588562,0.08128625154495239,0.501886248588562,0.052323977819722686,0.06692279737356953,0.6560747554103737,0.8439793687140361
EvolveGCN-H,linear,123,0.4681999981403351,0.36346951127052307,-0.10473048686981201,0.36346951127052307,0.052323977819722686,0.06692279737356953,0.6560747554103737,0.8439793687140361
EvolveGCN-H,linear,123,0.3725999891757965,0.4543915390968323,0.08179154992103577,0.4543915390968323,0.052323977819722686,0.06692279737356953,0.6560747554103737,0.8439793687140361
EvolveGCN-H,linear,123,0.3853999972343445,0.49828699231147766,0.11288699507713318,0.49828699231147766,0.052323977819722686,0.06692279737356953,0.6560747554103737,0.8439793687140361
EvolveGCN-H,linear,123,0.16220000386238098,0.32103386521339417,0.15883386135101318,0.32103386521339417,0.052323977819722686,0.06692279737356953,0.6560747554103737,0.8439793687140361
EvolveGCN-H,linear,123,0.3353999853134155,0.29850345849990845,-0.03689652681350708,0.29850345849990845,0.052323977819722686,0.06692279737356953,0.6560747554103737,0.8439793687140361
EvolveGCN-H,linear,123,0.1777999997138977,0.24744883179664612,0.06964883208274841,0.24744883179664612,0.052323977819722686,0.06692279737356953,0.6560747554103737,0.8439793687140361
EvolveGCN-H,linear,123,0.47380000352859497,0.5746767520904541,0.10087674856185913,0.5746767520904541,0.052323977819722686,0.06692279737356953,0.6560747554103737,0.8439793687140361
EvolveGCN-H,linear,123,0.2669999897480011,0.27067306637763977,0.003673076629638672,0.27067306637763977,0.052323977819722686,0.06692279737356953,0.6560747554103737,0.8439793687140361
EvolveGCN-H,linear,123,0.4957999885082245,0.4728075861930847,-0.02299240231513977,0.4728075861930847,0.052323977819722686,0.06692279737356953,0.6560747554103737,0.8439793687140361
EvolveGCN-H,linear,123,0.10859999805688858,0.1906154453754425,0.08201544731855392,0.1906154453754425,0.052323977819722686,0.06692279737356953,0.6560747554103737,0.8439793687140361
EvolveGCN-H,linear,123,0.4410000145435333,0.3174685835838318,-0.12353143095970154,0.3174685835838318,0.052323977819722686,0.06692279737356953,0.6560747554103737,0.8439793687140361
EvolveGCN-H,linear,123,0.1469999998807907,0.17702330648899078,0.030023306608200073,0.17702330648899078,0.052323977819722686,0.06692279737356953,0.6560747554103737,0.8439793687140361
EvolveGCN-H,linear,123,0.3970000147819519,0.4244058132171631,0.02740579843521118,0.4244058132171631,0.052323977819722686,0.06692279737356953,0.6560747554103737,0.8439793687140361
EvolveGCN-H,linear,123,0.3962000012397766,0.3376550078392029,-0.05854499340057373,0.3376550078392029,0.052323977819722686,0.06692279737356953,0.6560747554103737,0.8439793687140361
EvolveGCN-H,linear,123,0.2985999882221222,0.28919219970703125,-0.009407788515090942,0.28919219970703125,0.052323977819722686,0.06692279737356953,0.6560747554103737,0.8439793687140361
EvolveGCN-H,linear,123,0.41819998621940613,0.4215216636657715,0.0033216774463653564,0.4215216636657715,0.052323977819722686,0.06692279737356953,0.6560747554103737,0.8439793687140361
EvolveGCN-H,linear,123,0.14180000126361847,0.22747614979743958,0.0856761485338211,0.22747614979743958,0.052323977819722686,0.06692279737356953,0.6560747554103737,0.8439793687140361
EvolveGCN-H,linear,123,0.4733999967575073,0.3255539536476135,-0.1478460431098938,0.3255539536476135,0.052323977819722686,0.06692279737356953,0.6560747554103737,0.8439793687140361
EvolveGCN-H,linear,123,0.46219998598098755,0.4885466992855072,0.026346713304519653,0.4885466992855072,0.052323977819722686,0.06692279737356953,0.6560747554103737,0.8439793687140361
EvolveGCN-H,linear,123,0.35580000281333923,0.3723381459712982,0.016538143157958984,0.3723381459712982,0.052323977819722686,0.06692279737356953,0.6560747554103737,0.8439793687140361
EvolveGCN-H,linear,123,0.3001999855041504,0.33522915840148926,0.03502917289733887,0.33522915840148926,0.052323977819722686,0.06692279737356953,0.6560747554103737,0.8439793687140361
EvolveGCN-H,linear,123,0.48539999127388,0.4318634569644928,-0.05353653430938721,0.4318634569644928,0.052323977819722686,0.06692279737356953,0.6560747554103737,0.8439793687140361
EvolveGCN-H,linear,123,0.4325999915599823,0.5790798664093018,0.14647987484931946,0.5790798664093018,0.052323977819722686,0.06692279737356953,0.6560747554103737,0.8439793687140361
EvolveGCN-H,linear,123,0.1809999942779541,0.2309105098247528,0.049910515546798706,0.2309105098247528,0.052323977819722686,0.06692279737356953,0.6560747554103737,0.8439793687140361
EvolveGCN-H,linear,123,0.4869999885559082,0.4759621024131775,-0.011037886142730713,0.4759621024131775,0.052323977819722686,0.06692279737356953,0.6560747554103737,0.8439793687140361
EvolveGCN-H,linear,123,0.18780000507831573,0.256038635969162,0.06823863089084625,0.256038635969162,0.052323977819722686,0.06692279737356953,0.6560747554103737,0.8439793687140361
EvolveGCN-H,linear,123,0.13459999859333038,0.22059406340122223,0.08599406480789185,0.22059406340122223,0.052323977819722686,0.06692279737356953,0.6560747554103737,0.8439793687140361
EvolveGCN-H,linear,123,0.18019999563694,0.07413534820079803,-0.10606464743614197,0.07413534820079803,0.052323977819722686,0.06692279737356953,0.6560747554103737,0.8439793687140361
EvolveGCN-H,linear,123,0.10899999737739563,0.15951265394687653,0.050512656569480896,0.15951265394687653,0.052323977819722686,0.06692279737356953,0.6560747554103737,0.8439793687140361
EvolveGCN-H,linear,123,0.1242000013589859,0.15544065833091736,0.031240656971931458,0.15544065833091736,0.052323977819722686,0.06692279737356953,0.6560747554103737,0.8439793687140361
EvolveGCN-H,linear,123,0.453000009059906,0.5086135864257812,0.055613577365875244,0.5086135864257812,0.052323977819722686,0.06692279737356953,0.6560747554103737,0.8439793687140361
EvolveGCN-H,linear,123,0.42340001463890076,0.5463980436325073,0.12299802899360657,0.5463980436325073,0.052323977819722686,0.06692279737356953,0.6560747554103737,0.8439793687140361
EvolveGCN-H,linear,123,0.17260000109672546,0.2379300445318222,0.06533004343509674,0.2379300445318222,0.052323977819722686,0.06692279737356953,0.6560747554103737,0.8439793687140361
EvolveGCN-H,linear,123,0.19140000641345978,0.25121042132377625,0.05981041491031647,0.25121042132377625,0.052323977819722686,0.06692279737356953,0.6560747554103737,0.8439793687140361
EvolveGCN-H,linear,123,0.4546000063419342,0.45009294152259827,-0.0045070648193359375,0.45009294152259827,0.052323977819722686,0.06692279737356953,0.6560747554103737,0.8439793687140361
EvolveGCN-H,linear,123,0.24379999935626984,0.25901317596435547,0.015213176608085632,0.25901317596435547,0.052323977819722686,0.06692279737356953,0.6560747554103737,0.8439793687140361
EvolveGCN-H,linear,123,0.4390000104904175,0.3589402139186859,-0.08005979657173157,0.3589402139186859,0.052323977819722686,0.06692279737356953,0.6560747554103737,0.8439793687140361
EvolveGCN-H,linear,123,0.35019999742507935,0.3365064561367035,-0.013693541288375854,0.3365064561367035,0.052323977819722686,0.06692279737356953,0.6560747554103737,0.8439793687140361
EvolveGCN-H,linear,123,0.2921999990940094,0.3202900290489197,0.02809002995491028,0.3202900290489197,0.052323977819722686,0.06692279737356953,0.6560747554103737,0.8439793687140361
EvolveGCN-H,linear,123,0.131400004029274,0.19736000895500183,0.06596000492572784,0.19736000895500183,0.052323977819722686,0.06692279737356953,0.6560747554103737,0.8439793687140361
EvolveGCN-H,linear,123,0.42419999837875366,0.6492594480514526,0.22505944967269897,0.6492594480514526,0.052323977819722686,0.06692279737356953,0.6560747554103737,0.8439793687140361
EvolveGCN-H,linear,123,0.19660000503063202,0.24610255658626556,0.049502551555633545,0.24610255658626556,0.052323977819722686,0.06692279737356953,0.6560747554103737,0.8439793687140361
EvolveGCN-H,linear,123,0.15299999713897705,0.10832224786281586,-0.044677749276161194,0.10832224786281586,0.052323977819722686,0.06692279737356953,0.6560747554103737,0.8439793687140361
EvolveGCN-H,linear,123,0.2085999995470047,0.2174118608236313,0.008811861276626587,0.2174118608236313,0.052323977819722686,0.06692279737356953,0.6560747554103737,0.8439793687140361
EvolveGCN-H,linear,123,0.22300000488758087,0.2608354091644287,0.03783540427684784,0.2608354091644287,0.052323977819722686,0.06692279737356953,0.6560747554103737,0.8439793687140361
EvolveGCN-H,linear,123,0.17100000381469727,0.18838857114315033,0.017388567328453064,0.18838857114315033,0.052323977819722686,0.06692279737356953,0.6560747554103737,0.8439793687140361
EvolveGCN-H,linear,123,0.47780001163482666,0.5513854026794434,0.0735853910446167,0.5513854026794434,0.052323977819722686,0.06692279737356953,0.6560747554103737,0.8439793687140361
EvolveGCN-H,linear,123,0.30379998683929443,0.30692213773727417,0.0031221508979797363,0.30692213773727417,0.052323977819722686,0.06692279737356953,0.6560747554103737,0.8439793687140361
EvolveGCN-H,linear,123,0.4790000021457672,0.4596882164478302,-0.01931178569793701,0.4596882164478302,0.052323977819722686,0.06692279737356953,0.6560747554103737,0.8439793687140361
EvolveGCN-H,linear,123,0.4758000075817108,0.4572104215621948,-0.01858958601951599,0.4572104215621948,0.052323977819722686,0.06692279737356953,0.6560747554103737,0.8439793687140361
EvolveGCN-H,linear,123,0.15700000524520874,0.26700738072395325,0.1100073754787445,0.26700738072395325,0.052323977819722686,0.06692279737356953,0.6560747554103737,0.8439793687140361
EvolveGCN-H,linear,123,0.27300000190734863,0.3489658236503601,0.07596582174301147,0.3489658236503601,0.052323977819722686,0.06692279737356953,0.6560747554103737,0.8439793687140361
EvolveGCN-H,linear,123,0.39340001344680786,0.446566641330719,0.05316662788391113,0.446566641330719,0.052323977819722686,0.06692279737356953,0.6560747554103737,0.8439793687140361
EvolveGCN-H,linear,123,0.31859999895095825,0.3696441054344177,0.05104410648345947,0.3696441054344177,0.052323977819722686,0.06692279737356953,0.6560747554103737,0.8439793687140361
EvolveGCN-H,linear,123,0.16619999706745148,0.23098666965961456,0.06478667259216309,0.23098666965961456,0.052323977819722686,0.06692279737356953,0.6560747554103737,0.8439793687140361
EvolveGCN-H,linear,123,0.17419999837875366,0.22625687718391418,0.05205687880516052,0.22625687718391418,0.052323977819722686,0.06692279737356953,0.6560747554103737,0.8439793687140361
EvolveGCN-H,linear,123,0.4018000066280365,0.395364910364151,-0.006435096263885498,0.395364910364151,0.052323977819722686,0.06692279737356953,0.6560747554103737,0.8439793687140361
EvolveGCN-H,linear,123,0.36660000681877136,0.3769944906234741,0.010394483804702759,0.3769944906234741,0.052323977819722686,0.06692279737356953,0.6560747554103737,0.8439793687140361
EvolveGCN-H,linear,123,0.21220000088214874,0.2713671922683716,0.05916719138622284,0.2713671922683716,0.052323977819722686,0.06692279737356953,0.6560747554103737,0.8439793687140361
EvolveGCN-H,linear,123,0.31940001249313354,0.3196490406990051,0.00024902820587158203,0.3196490406990051,0.052323977819722686,0.06692279737356953,0.6560747554103737,0.8439793687140361
EvolveGCN-H,linear,123,0.47859999537467957,0.5023746490478516,0.023774653673171997,0.5023746490478516,0.052323977819722686,0.06692279737356953,0.6560747554103737,0.8439793687140361
EvolveGCN-H,linear,123,0.3142000138759613,0.32428815960884094,0.010088145732879639,0.32428815960884094,0.052323977819722686,0.06692279737356953,0.6560747554103737,0.8439793687140361
EvolveGCN-H,linear,123,0.17739999294281006,0.19352096319198608,0.016120970249176025,0.19352096319198608,0.052323977819722686,0.06692279737356953,0.6560747554103737,0.8439793687140361
EvolveGCN-H,linear,123,0.3986000120639801,0.3592737317085266,-0.03932628035545349,0.3592737317085266,0.052323977819722686,0.06692279737356953,0.6560747554103737,0.8439793687140361
EvolveGCN-H,linear,123,0.1462000012397766,0.18609043955802917,0.039890438318252563,0.18609043955802917,0.052323977819722686,0.06692279737356953,0.6560747554103737,0.8439793687140361
EvolveGCN-H,linear,123,0.20900000631809235,0.22414878010749817,0.015148773789405823,0.22414878010749817,0.052323977819722686,0.06692279737356953,0.6560747554103737,0.8439793687140361
EvolveGCN-H,linear,123,0.40139999985694885,0.37218689918518066,-0.02921310067176819,0.37218689918518066,0.052323977819722686,0.06692279737356953,0.6560747554103737,0.8439793687140361
EvolveGCN-H,linear,123,0.15780000388622284,0.21958863735198975,0.06178863346576691,0.21958863735198975,0.052323977819722686,0.06692279737356953,0.6560747554103737,0.8439793687140361
EvolveGCN-H,linear,123,0.460999995470047,0.3841697871685028,-0.07683020830154419,0.3841697871685028,0.052323977819722686,0.06692279737356953,0.6560747554103737,0.8439793687140361
EvolveGCN-H,linear,123,0.2766000032424927,0.2277745008468628,-0.04882550239562988,0.2277745008468628,0.052323977819722686,0.06692279737356953,0.6560747554103737,0.8439793687140361
EvolveGCN-H,linear,123,0.4498000144958496,0.42664846777915955,-0.023151546716690063,0.42664846777915955,0.052323977819722686,0.06692279737356953,0.6560747554103737,0.8439793687140361
EvolveGCN-H,linear,123,0.23579999804496765,0.26598042249679565,0.030180424451828003,0.26598042249679565,0.052323977819722686,0.06692279737356953,0.6560747554103737,0.8439793687140361
EvolveGCN-H,linear,123,0.1826000064611435,0.264165461063385,0.08156545460224152,0.264165461063385,0.052323977819722686,0.06692279737356953,0.6560747554103737,0.8439793687140361
EvolveGCN-H,linear,123,0.3709999918937683,0.36363744735717773,-0.007362544536590576,0.36363744735717773,0.052323977819722686,0.06692279737356953,0.6560747554103737,0.8439793687140361
EvolveGCN-H,linear,123,0.16019999980926514,0.27868223190307617,0.11848223209381104,0.27868223190307617,0.052323977819722686,0.06692279737356953,0.6560747554103737,0.8439793687140361
EvolveGCN-H,linear,123,0.3181999921798706,0.419895738363266,0.10169574618339539,0.419895738363266,0.052323977819722686,0.06692279737356953,0.6560747554103737,0.8439793687140361
EvolveGCN-H,linear,123,0.3601999878883362,0.3514811098575592,-0.008718878030776978,0.3514811098575592,0.052323977819722686,0.06692279737356953,0.6560747554103737,0.8439793687140361
EvolveGCN-H,linear,123,0.4041999876499176,0.36047202348709106,-0.04372796416282654,0.36047202348709106,0.052323977819722686,0.06692279737356953,0.6560747554103737,0.8439793687140361
EvolveGCN-H,linear,123,0.16820000112056732,0.13497331738471985,-0.03322668373584747,0.13497331738471985,0.052323977819722686,0.06692279737356953,0.6560747554103737,0.8439793687140361
EvolveGCN-H,linear,123,0.33340001106262207,0.41409555077552795,0.08069553971290588,0.41409555077552795,0.052323977819722686,0.06692279737356953,0.6560747554103737,0.8439793687140361
EvolveGCN-H,linear,123,0.22020000219345093,0.20352551341056824,-0.01667448878288269,0.20352551341056824,0.052323977819722686,0.06692279737356953,0.6560747554103737,0.8439793687140361
EvolveGCN-H,linear,123,0.387800008058548,0.5037007331848145,0.11590072512626648,0.5037007331848145,0.052323977819722686,0.06692279737356953,0.6560747554103737,0.8439793687140361
EvolveGCN-H,linear,123,0.20020000636577606,0.20728948712348938,0.007089480757713318,0.20728948712348938,0.052323977819722686,0.06692279737356953,0.6560747554103737,0.8439793687140361
EvolveGCN-H,linear,123,0.33059999346733093,0.3509179949760437,0.02031800150871277,0.3509179949760437,0.052323977819722686,0.06692279737356953,0.6560747554103737,0.8439793687140361
EvolveGCN-H,linear,123,0.33180001378059387,0.3040508031845093,-0.027749210596084595,0.3040508031845093,0.052323977819722686,0.06692279737356953,0.6560747554103737,0.8439793687140361
EvolveGCN-H,linear,123,0.31700000166893005,0.41321203112602234,0.09621202945709229,0.41321203112602234,0.052323977819722686,0.06692279737356953,0.6560747554103737,0.8439793687140361
EvolveGCN-H,linear,123,0.3294000029563904,0.41792958974838257,0.08852958679199219,0.41792958974838257,0.052323977819722686,0.06692279737356953,0.6560747554103737,0.8439793687140361
EvolveGCN-H,linear,123,0.2558000087738037,0.2133946567773819,-0.042405351996421814,0.2133946567773819,0.052323977819722686,0.06692279737356953,0.6560747554103737,0.8439793687140361
EvolveGCN-H,linear,123,0.17499999701976776,0.3230190873146057,0.14801909029483795,0.3230190873146057,0.052323977819722686,0.06692279737356953,0.6560747554103737,0.8439793687140361
EvolveGCN-H,linear,123,0.2029999941587448,0.28372639417648315,0.08072640001773834,0.28372639417648315,0.052323977819722686,0.06692279737356953,0.6560747554103737,0.8439793687140361
EvolveGCN-H,linear,123,0.42500001192092896,0.3422156572341919,-0.08278435468673706,0.3422156572341919,0.052323977819722686,0.06692279737356953,0.6560747554103737,0.8439793687140361
EvolveGCN-H,linear,123,0.44620001316070557,0.40570127964019775,-0.04049873352050781,0.40570127964019775,0.052323977819722686,0.06692279737356953,0.6560747554103737,0.8439793687140361
EvolveGCN-H,linear,123,0.10740000009536743,0.13998627662658691,0.03258627653121948,0.13998627662658691,0.052323977819722686,0.06692279737356953,0.6560747554103737,0.8439793687140361
EvolveGCN-H,linear,123,0.12860000133514404,0.24672283232212067,0.11812283098697662,0.24672283232212067,0.052323977819722686,0.06692279737356953,0.6560747554103737,0.8439793687140361
EvolveGCN-H,linear,123,0.26899999380111694,0.29061654210090637,0.02161654829978943,0.29061654210090637,0.052323977819722686,0.06692279737356953,0.6560747554103737,0.8439793687140361
EvolveGCN-H,linear,123,0.2282000035047531,0.23384150862693787,0.005641505122184753,0.23384150862693787,0.052323977819722686,0.06692279737356953,0.6560747554103737,0.8439793687140361
EvolveGCN-H,linear,123,0.3630000054836273,0.6291370987892151,0.26613709330558777,0.6291370987892151,0.052323977819722686,0.06692279737356953,0.6560747554103737,0.8439793687140361
EvolveGCN-H,linear,123,0.13300000131130219,0.10741741955280304,-0.025582581758499146,0.10741741955280304,0.052323977819722686,0.06692279737356953,0.6560747554103737,0.8439793687140361
EvolveGCN-H,linear,123,0.49219998717308044,0.4644092321395874,-0.027790755033493042,0.4644092321395874,0.052323977819722686,0.06692279737356953,0.6560747554103737,0.8439793687140361
EvolveGCN-H,linear,123,0.38420000672340393,0.3257313370704651,-0.05846866965293884,0.3257313370704651,0.052323977819722686,0.06692279737356953,0.6560747554103737,0.8439793687140361
EvolveGCN-H,linear,123,0.16580000519752502,0.1564185917377472,-0.009381413459777832,0.1564185917377472,0.052323977819722686,0.06692279737356953,0.6560747554103737,0.8439793687140361
EvolveGCN-H,linear,123,0.38100001215934753,0.5332719087600708,0.15227189660072327,0.5332719087600708,0.052323977819722686,0.06692279737356953,0.6560747554103737,0.8439793687140361
EvolveGCN-H,linear,123,0.14020000398159027,0.26774463057518005,0.12754462659358978,0.26774463057518005,0.052323977819722686,0.06692279737356953,0.6560747554103737,0.8439793687140361
EvolveGCN-H,linear,123,0.3578000068664551,0.4089219570159912,0.05112195014953613,0.4089219570159912,0.052323977819722686,0.06692279737356953,0.6560747554103737,0.8439793687140361
EvolveGCN-H,linear,123,0.23019999265670776,0.2585897147655487,0.028389722108840942,0.2585897147655487,0.052323977819722686,0.06692279737356953,0.6560747554103737,0.8439793687140361
EvolveGCN-H,linear,123,0.13779999315738678,0.17063185572624207,0.032831862568855286,0.17063185572624207,0.052323977819722686,0.06692279737356953,0.6560747554103737,0.8439793687140361
EvolveGCN-H,linear,123,0.3781999945640564,0.42945975065231323,0.051259756088256836,0.42945975065231323,0.052323977819722686,0.06692279737356953,0.6560747554103737,0.8439793687140361
EvolveGCN-H,linear,123,0.19699999690055847,0.23821693658828735,0.04121693968772888,0.23821693658828735,0.052323977819722686,0.06692279737356953,0.6560747554103737,0.8439793687140361
EvolveGCN-H,linear,123,0.3253999948501587,0.33505499362945557,0.009654998779296875,0.33505499362945557,0.052323977819722686,0.06692279737356953,0.6560747554103737,0.8439793687140361
EvolveGCN-H,linear,123,0.10939999669790268,0.19210250675678253,0.08270251005887985,0.19210250675678253,0.052323977819722686,0.06692279737356953,0.6560747554103737,0.8439793687140361
EvolveGCN-H,linear,123,0.4302000105381012,0.31263262033462524,-0.11756739020347595,0.31263262033462524,0.052323977819722686,0.06692279737356953,0.6560747554103737,0.8439793687140361
EvolveGCN-H,linear,123,0.29260000586509705,0.3424602150917053,0.049860209226608276,0.3424602150917053,0.052323977819722686,0.06692279737356953,0.6560747554103737,0.8439793687140361
EvolveGCN-H,linear,123,0.12939999997615814,0.1080220490694046,-0.02137795090675354,0.1080220490694046,0.052323977819722686,0.06692279737356953,0.6560747554103737,0.8439793687140361
EvolveGCN-H,linear,123,0.2637999951839447,0.3424215614795685,0.07862156629562378,0.3424215614795685,0.052323977819722686,0.06692279737356953,0.6560747554103737,0.8439793687140361
EvolveGCN-H,linear,123,0.15139999985694885,0.27358508110046387,0.12218508124351501,0.27358508110046387,0.052323977819722686,0.06692279737356953,0.6560747554103737,0.8439793687140361
EvolveGCN-H,linear,123,0.44179999828338623,0.36616188287734985,-0.07563811540603638,0.36616188287734985,0.052323977819722686,0.06692279737356953,0.6560747554103737,0.8439793687140361
EvolveGCN-H,linear,123,0.2513999938964844,0.334206223487854,0.08280622959136963,0.334206223487854,0.052323977819722686,0.06692279737356953,0.6560747554103737,0.8439793687140361
EvolveGCN-H,linear,123,0.29980000853538513,0.2544533610343933,-0.04534664750099182,0.2544533610343933,0.052323977819722686,0.06692279737356953,0.6560747554103737,0.8439793687140361
EvolveGCN-H,linear,123,0.10140000283718109,0.05747091770172119,-0.0439290851354599,0.05747091770172119,0.052323977819722686,0.06692279737356953,0.6560747554103737,0.8439793687140361
EvolveGCN-H,linear,123,0.3889999985694885,0.45452749729156494,0.06552749872207642,0.45452749729156494,0.052323977819722686,0.06692279737356953,0.6560747554103737,0.8439793687140361
EvolveGCN-H,linear,123,0.34540000557899475,0.38434115052223206,0.038941144943237305,0.38434115052223206,0.052323977819722686,0.06692279737356953,0.6560747554103737,0.8439793687140361
EvolveGCN-H,linear,123,0.4602000117301941,0.4681355655193329,0.007935553789138794,0.4681355655193329,0.052323977819722686,0.06692279737356953,0.6560747554103737,0.8439793687140361
EvolveGCN-H,linear,123,0.3034000098705292,0.40548673272132874,0.10208672285079956,0.40548673272132874,0.052323977819722686,0.06692279737356953,0.6560747554103737,0.8439793687140361
EvolveGCN-H,linear,123,0.2770000100135803,0.38599762320518494,0.10899761319160461,0.38599762320518494,0.052323977819722686,0.06692279737356953,0.6560747554103737,0.8439793687140361
EvolveGCN-H,linear,123,0.3425999879837036,0.3586927652359009,0.016092777252197266,0.3586927652359009,0.052323977819722686,0.06692279737356953,0.6560747554103737,0.8439793687140361
EvolveGCN-H,linear,123,0.2370000034570694,0.35340675711631775,0.11640675365924835,0.35340675711631775,0.052323977819722686,0.06692279737356953,0.6560747554103737,0.8439793687140361
EvolveGCN-H,linear,123,0.22660000622272491,0.23830583691596985,0.011705830693244934,0.23830583691596985,0.052323977819722686,0.06692279737356953,0.6560747554103737,0.8439793687140361
EvolveGCN-H,linear,123,0.3921999931335449,0.4246155321598053,0.032415539026260376,0.4246155321598053,0.052323977819722686,0.06692279737356953,0.6560747554103737,0.8439793687140361
EvolveGCN-H,linear,123,0.17579999566078186,0.1868404746055603,0.011040478944778442,0.1868404746055603,0.052323977819722686,0.06692279737356953,0.6560747554103737,0.8439793687140361
EvolveGCN-H,linear,123,0.3653999865055084,0.3572860658168793,-0.00811392068862915,0.3572860658168793,0.052323977819722686,0.06692279737356953,0.6560747554103737,0.8439793687140361
EvolveGCN-H,linear,123,0.37459999322891235,0.34870201349258423,-0.025897979736328125,0.34870201349258423,0.052323977819722686,0.06692279737356953,0.6560747554103737,0.8439793687140361
EvolveGCN-H,linear,123,0.25780001282691956,0.28869742155075073,0.030897408723831177,0.28869742155075073,0.052323977819722686,0.06692279737356953,0.6560747554103737,0.8439793687140361
EvolveGCN-H,linear,123,0.2913999855518341,0.3008648157119751,0.009464830160140991,0.3008648157119751,0.052323977819722686,0.06692279737356953,0.6560747554103737,0.8439793687140361
EvolveGCN-H,linear,123,0.10499999672174454,0.15898627042770386,0.05398627370595932,0.15898627042770386,0.052323977819722686,0.06692279737356953,0.6560747554103737,0.8439793687140361
EvolveGCN-H,linear,123,0.43459999561309814,0.36477285623550415,-0.069827139377594,0.36477285623550415,0.052323977819722686,0.06692279737356953,0.6560747554103737,0.8439793687140361
EvolveGCN-H,linear,123,0.40459999442100525,0.4552728831768036,0.05067288875579834,0.4552728831768036,0.052323977819722686,0.06692279737356953,0.6560747554103737,0.8439793687140361
EvolveGCN-H,linear,123,0.44780001044273376,0.44276437163352966,-0.0050356388092041016,0.44276437163352966,0.052323977819722686,0.06692279737356953,0.6560747554103737,0.8439793687140361
EvolveGCN-H,linear,123,0.1785999983549118,0.18888673186302185,0.010286733508110046,0.18888673186302185,0.052323977819722686,0.06692279737356953,0.6560747554103737,0.8439793687140361
EvolveGCN-H,linear,123,0.4153999984264374,0.4770748019218445,0.061674803495407104,0.4770748019218445,0.052323977819722686,0.06692279737356953,0.6560747554103737,0.8439793687140361
EvolveGCN-H,linear,123,0.428600013256073,0.43767279386520386,0.00907278060913086,0.43767279386520386,0.052323977819722686,0.06692279737356953,0.6560747554103737,0.8439793687140361
EvolveGCN-H,linear,123,0.16660000383853912,0.17036131024360657,0.003761306405067444,0.17036131024360657,0.052323977819722686,0.06692279737356953,0.6560747554103737,0.8439793687140361
EvolveGCN-H,linear,123,0.4505999982357025,0.49812838435173035,0.04752838611602783,0.49812838435173035,0.052323977819722686,0.06692279737356953,0.6560747554103737,0.8439793687140361
EvolveGCN-H,linear,123,0.1754000037908554,0.20857232809066772,0.03317232429981232,0.20857232809066772,0.052323977819722686,0.06692279737356953,0.6560747554103737,0.8439793687140361
EvolveGCN-H,linear,123,0.11100000143051147,0.15955418348312378,0.048554182052612305,0.15955418348312378,0.052323977819722686,0.06692279737356953,0.6560747554103737,0.8439793687140361
EvolveGCN-H,linear,123,0.21459999680519104,0.11812010407447815,-0.09647989273071289,0.11812010407447815,0.052323977819722686,0.06692279737356953,0.6560747554103737,0.8439793687140361
EvolveGCN-H,linear,123,0.3862000107765198,0.41780152916908264,0.031601518392562866,0.41780152916908264,0.052323977819722686,0.06692279737356953,0.6560747554103737,0.8439793687140361
EvolveGCN-H,linear,123,0.21979999542236328,0.29132938385009766,0.07152938842773438,0.29132938385009766,0.052323977819722686,0.06692279737356953,0.6560747554103737,0.8439793687140361
EvolveGCN-H,linear,123,0.3758000135421753,0.2084064483642578,-0.16739356517791748,0.2084064483642578,0.052323977819722686,0.06692279737356953,0.6560747554103737,0.8439793687140361
EvolveGCN-H,linear,123,0.13899999856948853,0.21713633835315704,0.07813633978366852,0.21713633835315704,0.052323977819722686,0.06692279737356953,0.6560747554103737,0.8439793687140361
EvolveGCN-H,linear,123,0.2709999978542328,0.24304506182670593,-0.027954936027526855,0.24304506182670593,0.052323977819722686,0.06692279737356953,0.6560747554103737,0.8439793687140361
EvolveGCN-H,linear,123,0.13420000672340393,0.19034764170646667,0.056147634983062744,0.19034764170646667,0.052323977819722686,0.06692279737356953,0.6560747554103737,0.8439793687140361
EvolveGCN-H,linear,123,0.43299999833106995,0.3212784230709076,-0.11172157526016235,0.3212784230709076,0.052323977819722686,0.06692279737356953,0.6560747554103737,0.8439793687140361
EvolveGCN-H,linear,123,0.121799997985363,0.19961600005626678,0.07781600207090378,0.19961600005626678,0.052323977819722686,0.06692279737356953,0.6560747554103737,0.8439793687140361
EvolveGCN-H,linear,123,0.32499998807907104,0.3789263069629669,0.053926318883895874,0.3789263069629669,0.052323977819722686,0.06692279737356953,0.6560747554103737,0.8439793687140361
EvolveGCN-H,linear,123,0.28220000863075256,0.27006182074546814,-0.012138187885284424,0.27006182074546814,0.052323977819722686,0.06692279737356953,0.6560747554103737,0.8439793687140361
EvolveGCN-H,linear,123,0.2962000072002411,0.32869085669517517,0.03249084949493408,0.32869085669517517,0.052323977819722686,0.06692279737356953,0.6560747554103737,0.8439793687140361
EvolveGCN-H,linear,123,0.3490000069141388,0.3437596261501312,-0.005240380764007568,0.3437596261501312,0.052323977819722686,0.06692279737356953,0.6560747554103737,0.8439793687140361
EvolveGCN-H,linear,123,0.3301999866962433,0.2851395010948181,-0.04506048560142517,0.2851395010948181,0.052323977819722686,0.06692279737356953,0.6560747554103737,0.8439793687140361
EvolveGCN-H,linear,123,0.45660001039505005,0.46845266222953796,0.011852651834487915,0.46845266222953796,0.052323977819722686,0.06692279737356953,0.6560747554103737,0.8439793687140361
EvolveGCN-H,linear,123,0.12020000070333481,0.16101279854774475,0.04081279784440994,0.16101279854774475,0.052323977819722686,0.06692279737356953,0.6560747554103737,0.8439793687140361
EvolveGCN-H,linear,123,0.2533999979496002,0.23868641257286072,-0.014713585376739502,0.23868641257286072,0.052323977819722686,0.06692279737356953,0.6560747554103737,0.8439793687140361
EvolveGCN-H,linear,123,0.25540000200271606,0.28650593757629395,0.03110593557357788,0.28650593757629395,0.052323977819722686,0.06692279737356953,0.6560747554103737,0.8439793687140361
EvolveGCN-H,linear,123,0.26579999923706055,0.23505377769470215,-0.0307462215423584,0.23505377769470215,0.052323977819722686,0.06692279737356953,0.6560747554103737,0.8439793687140361
EvolveGCN-H,linear,123,0.321399986743927,0.38259267807006836,0.06119269132614136,0.38259267807006836,0.052323977819722686,0.06692279737356953,0.6560747554103737,0.8439793687140361
EvolveGCN-H,linear,123,0.17180000245571136,0.19744957983493805,0.025649577379226685,0.19744957983493805,0.052323977819722686,0.06692279737356953,0.6560747554103737,0.8439793687140361
EvolveGCN-H,linear,123,0.11980000138282776,0.18576283752918243,0.06596283614635468,0.18576283752918243,0.052323977819722686,0.06692279737356953,0.6560747554103737,0.8439793687140361
EvolveGCN-H,linear,123,0.2549999952316284,0.22603090107440948,-0.028969094157218933,0.22603090107440948,0.052323977819722686,0.06692279737356953,0.6560747554103737,0.8439793687140361
EvolveGCN-H,linear,123,0.41179999709129333,0.46310803294181824,0.0513080358505249,0.46310803294181824,0.052323977819722686,0.06692279737356953,0.6560747554103737,0.8439793687140361
EvolveGCN-H,linear,123,0.4690000116825104,0.3182864189147949,-0.15071359276771545,0.3182864189147949,0.052323977819722686,0.06692279737356953,0.6560747554103737,0.8439793687140361
EvolveGCN-H,linear,123,0.26339998841285706,0.28882652521133423,0.025426536798477173,0.28882652521133423,0.052323977819722686,0.06692279737356953,0.6560747554103737,0.8439793687140361
EvolveGCN-H,linear,123,0.35659998655319214,0.3259282112121582,-0.030671775341033936,0.3259282112121582,0.052323977819722686,0.06692279737356953,0.6560747554103737,0.8439793687140361
EvolveGCN-H,linear,123,0.3393999934196472,0.34125077724456787,0.0018507838249206543,0.34125077724456787,0.052323977819722686,0.06692279737356953,0.6560747554103737,0.8439793687140361
EvolveGCN-H,linear,123,0.39739999175071716,0.3175085186958313,-0.07989147305488586,0.3175085186958313,0.052323977819722686,0.06692279737356953,0.6560747554103737,0.8439793687140361
EvolveGCN-H,linear,123,0.23420000076293945,0.25250163674354553,0.01830163598060608,0.25250163674354553,0.052323977819722686,0.06692279737356953,0.6560747554103737,0.8439793687140361
EvolveGCN-H,linear,123,0.26460000872612,0.315477192401886,0.05087718367576599,0.315477192401886,0.052323977819722686,0.06692279737356953,0.6560747554103737,0.8439793687140361
EvolveGCN-H,linear,123,0.3222000002861023,0.3390590250492096,0.0168590247631073,0.3390590250492096,0.052323977819722686,0.06692279737356953,0.6560747554103737,0.8439793687140361
EvolveGCN-H,linear,123,0.125,0.16069689393043518,0.03569689393043518,0.16069689393043518,0.052323977819722686,0.06692279737356953,0.6560747554103737,0.8439793687140361
EvolveGCN-H,linear,123,0.31380000710487366,0.37538573145866394,0.06158572435379028,0.37538573145866394,0.052323977819722686,0.06692279737356953,0.6560747554103737,0.8439793687140361
EvolveGCN-H,linear,123,0.39820000529289246,0.33798155188560486,-0.0602184534072876,0.33798155188560486,0.052323977819722686,0.06692279737356953,0.6560747554103737,0.8439793687140361
EvolveGCN-H,linear,123,0.16259999573230743,0.21727348864078522,0.05467349290847778,0.21727348864078522,0.052323977819722686,0.06692279737356953,0.6560747554103737,0.8439793687140361
EvolveGCN-H,linear,123,0.31779998540878296,0.3375323414802551,0.019732356071472168,0.3375323414802551,0.052323977819722686,0.06692279737356953,0.6560747554103737,0.8439793687140361
EvolveGCN-H,linear,123,0.3361999988555908,0.3630939722061157,0.026893973350524902,0.3630939722061157,0.052323977819722686,0.06692279737356953,0.6560747554103737,0.8439793687140361
EvolveGCN-H,linear,123,0.2809999883174896,0.33891594409942627,0.057915955781936646,0.33891594409942627,0.052323977819722686,0.06692279737356953,0.6560747554103737,0.8439793687140361
EvolveGCN-H,linear,123,0.29899999499320984,0.23917444050312042,-0.059825554490089417,0.23917444050312042,0.052323977819722686,0.06692279737356953,0.6560747554103737,0.8439793687140361
EvolveGCN-H,linear,123,0.334199994802475,0.2877403199672699,-0.04645967483520508,0.2877403199672699,0.052323977819722686,0.06692279737356953,0.6560747554103737,0.8439793687140361
EvolveGCN-H,linear,123,0.2750000059604645,0.30402716994285583,0.029027163982391357,0.30402716994285583,0.052323977819722686,0.06692279737356953,0.6560747554103737,0.8439793687140361
EvolveGCN-H,linear,123,0.16859999299049377,0.24836093187332153,0.07976093888282776,0.24836093187332153,0.052323977819722686,0.06692279737356953,0.6560747554103737,0.8439793687140361
EvolveGCN-H,mlp,42,0.13420000672340393,0.22715623676776886,0.09295623004436493,0.22715623676776886,0.061760590221751385,0.07365219992010104,0.6299393277684502,0.8213882825592573
EvolveGCN-H,mlp,42,0.33379998803138733,0.28731492161750793,-0.046485066413879395,0.28731492161750793,0.061760590221751385,0.07365219992010104,0.6299393277684502,0.8213882825592573
EvolveGCN-H,mlp,42,0.1777999997138977,0.23668567836284637,0.05888567864894867,0.23668567836284637,0.061760590221751385,0.07365219992010104,0.6299393277684502,0.8213882825592573
EvolveGCN-H,mlp,42,0.10300000011920929,0.22715623676776886,0.12415623664855957,0.22715623676776886,0.061760590221751385,0.07365219992010104,0.6299393277684502,0.8213882825592573
EvolveGCN-H,mlp,42,0.27900001406669617,0.3632190227508545,0.08421900868415833,0.3632190227508545,0.061760590221751385,0.07365219992010104,0.6299393277684502,0.8213882825592573
EvolveGCN-H,mlp,42,0.2946000099182129,0.30975282192230225,0.015152812004089355,0.30975282192230225,0.061760590221751385,0.07365219992010104,0.6299393277684502,0.8213882825592573
EvolveGCN-H,mlp,42,0.29499998688697815,0.2870098650455475,-0.007990121841430664,0.2870098650455475,0.061760590221751385,0.07365219992010104,0.6299393277684502,0.8213882825592573
EvolveGCN-H,mlp,42,0.48539999127388,0.43478095531463623,-0.050619035959243774,0.43478095531463623,0.061760590221751385,0.07365219992010104,0.6299393277684502,0.8213882825592573
EvolveGCN-H,mlp,42,0.2773999869823456,0.22715623676776886,-0.05024375021457672,0.22715623676776886,0.061760590221751385,0.07365219992010104,0.6299393277684502,0.8213882825592573
EvolveGCN-H,mlp,42,0.3310000002384186,0.3397834897041321,0.008783489465713501,0.3397834897041321,0.061760590221751385,0.07365219992010104,0.6299393277684502,0.8213882825592573
EvolveGCN-H,mlp,42,0.2021999955177307,0.22715623676776886,0.024956241250038147,0.22715623676776886,0.061760590221751385,0.07365219992010104,0.6299393277684502,0.8213882825592573
EvolveGCN-H,mlp,42,0.4986000061035156,0.4667689800262451,-0.03183102607727051,0.4667689800262451,0.061760590221751385,0.07365219992010104,0.6299393277684502,0.8213882825592573
EvolveGCN-H,mlp,42,0.305400013923645,0.27690011262893677,-0.028499901294708252,0.27690011262893677,0.061760590221751385,0.07365219992010104,0.6299393277684502,0.8213882825592573
EvolveGCN-H,mlp,42,0.3553999960422516,0.3483521342277527,-0.007047861814498901,0.3483521342277527,0.061760590221751385,0.07365219992010104,0.6299393277684502,0.8213882825592573
EvolveGCN-H,mlp,42,0.21819999814033508,0.3144376277923584,0.09623762965202332,0.3144376277923584,0.061760590221751385,0.07365219992010104,0.6299393277684502,0.8213882825592573
EvolveGCN-H,mlp,42,0.12219999730587006,0.22715623676776886,0.1049562394618988,0.22715623676776886,0.061760590221751385,0.07365219992010104,0.6299393277684502,0.8213882825592573
EvolveGCN-H,mlp,42,0.4885999858379364,0.41726255416870117,-0.07133743166923523,0.41726255416870117,0.061760590221751385,0.07365219992010104,0.6299393277684502,0.8213882825592573
EvolveGCN-H,mlp,42,0.38940000534057617,0.4088386297225952,0.019438624382019043,0.4088386297225952,0.061760590221751385,0.07365219992010104,0.6299393277684502,0.8213882825592573
EvolveGCN-H,mlp,42,0.44020000100135803,0.35631561279296875,-0.08388438820838928,0.35631561279296875,0.061760590221751385,0.07365219992010104,0.6299393277684502,0.8213882825592573
EvolveGCN-H,mlp,42,0.1565999984741211,0.22715623676776886,0.07055623829364777,0.22715623676776886,0.061760590221751385,0.07365219992010104,0.6299393277684502,0.8213882825592573
EvolveGCN-H,mlp,42,0.46459999680519104,0.3132898509502411,-0.15131014585494995,0.3132898509502411,0.061760590221751385,0.07365219992010104,0.6299393277684502,0.8213882825592573
EvolveGCN-H,mlp,42,0.40860000252723694,0.3562687039375305,-0.05233129858970642,0.3562687039375305,0.061760590221751385,0.07365219992010104,0.6299393277684502,0.8213882825592573
EvolveGCN-H,mlp,42,0.1581999957561493,0.22715623676776886,0.06895624101161957,0.22715623676776886,0.061760590221751385,0.07365219992010104,0.6299393277684502,0.8213882825592573
EvolveGCN-H,mlp,42,0.1817999929189682,0.33040088415145874,0.14860089123249054,0.33040088415145874,0.061760590221751385,0.07365219992010104,0.6299393277684502,0.8213882825592573
EvolveGCN-H,mlp,42,0.3370000123977661,0.2946223020553589,-0.04237771034240723,0.2946223020553589,0.061760590221751385,0.07365219992010104,0.6299393277684502,0.8213882825592573
EvolveGCN-H,mlp,42,0.2770000100135803,0.33785784244537354,0.06085783243179321,0.33785784244537354,0.061760590221751385,0.07365219992010104,0.6299393277684502,0.8213882825592573
EvolveGCN-H,mlp,42,0.30059999227523804,0.25928935408592224,-0.041310638189315796,0.25928935408592224,0.061760590221751385,0.07365219992010104,0.6299393277684502,0.8213882825592573
EvolveGCN-H,mlp,42,0.22499999403953552,0.27909666299819946,0.05409666895866394,0.27909666299819946,0.061760590221751385,0.07365219992010104,0.6299393277684502,0.8213882825592573
EvolveGCN-H,mlp,42,0.2313999980688095,0.27629122138023376,0.044891223311424255,0.27629122138023376,0.061760590221751385,0.07365219992010104,0.6299393277684502,0.8213882825592573
EvolveGCN-H,mlp,42,0.4781999886035919,0.33863312005996704,-0.13956686854362488,0.33863312005996704,0.061760590221751385,0.07365219992010104,0.6299393277684502,0.8213882825592573
EvolveGCN-H,mlp,42,0.43220001459121704,0.428678959608078,-0.003521054983139038,0.428678959608078,0.061760590221751385,0.07365219992010104,0.6299393277684502,0.8213882825592573
EvolveGCN-H,mlp,42,0.16140000522136688,0.22715623676776886,0.06575623154640198,0.22715623676776886,0.061760590221751385,0.07365219992010104,0.6299393277684502,0.8213882825592573
EvolveGCN-H,mlp,42,0.3953999876976013,0.3398776650428772,-0.05552232265472412,0.3398776650428772,0.061760590221751385,0.07365219992010104,0.6299393277684502,0.8213882825592573
EvolveGCN-H,mlp,42,0.10819999873638153,0.22715623676776886,0.11895623803138733,0.22715623676776886,0.061760590221751385,0.07365219992010104,0.6299393277684502,0.8213882825592573
EvolveGCN-H,mlp,42,0.3061999976634979,0.2791909873485565,-0.027009010314941406,0.2791909873485565,0.061760590221751385,0.07365219992010104,0.6299393277684502,0.8213882825592573
EvolveGCN-H,mlp,42,0.13660000264644623,0.22715623676776886,0.09055623412132263,0.22715623676776886,0.061760590221751385,0.07365219992010104,0.6299393277684502,0.8213882825592573
EvolveGCN-H,mlp,42,0.45899999141693115,0.4595974087715149,0.0005974173545837402,0.4595974087715149,0.061760590221751385,0.07365219992010104,0.6299393277684502,0.8213882825592573
EvolveGCN-H,mlp,42,0.1462000012397766,0.22715623676776886,0.08095623552799225,0.22715623676776886,0.061760590221751385,0.07365219992010104,0.6299393277684502,0.8213882825592573
EvolveGCN-H,mlp,42,0.4970000088214874,0.4163511395454407,-0.08064886927604675,0.4163511395454407,0.061760590221751385,0.07365219992010104,0.6299393277684502,0.8213882825592573
EvolveGCN-H,mlp,42,0.14219999313354492,0.22715623676776886,0.08495624363422394,0.22715623676776886,0.061760590221751385,0.07365219992010104,0.6299393277684502,0.8213882825592573
EvolveGCN-H,mlp,42,0.4214000105857849,0.339665949344635,-0.0817340612411499,0.339665949344635,0.061760590221751385,0.07365219992010104,0.6299393277684502,0.8213882825592573
EvolveGCN-H,mlp,42,0.3917999863624573,0.3513895273208618,-0.04041045904159546,0.3513895273208618,0.061760590221751385,0.07365219992010104,0.6299393277684502,0.8213882825592573
EvolveGCN-H,mlp,42,0.12099999934434891,0.22715623676776886,0.10615623742341995,0.22715623676776886,0.061760590221751385,0.07365219992010104,0.6299393277684502,0.8213882825592573
EvolveGCN-H,mlp,42,0.30979999899864197,0.39403557777404785,0.08423557877540588,0.39403557777404785,0.061760590221751385,0.07365219992010104,0.6299393277684502,0.8213882825592573
EvolveGCN-H,mlp,42,0.3402000069618225,0.3723289370536804,0.03212893009185791,0.3723289370536804,0.061760590221751385,0.07365219992010104,0.6299393277684502,0.8213882825592573
EvolveGCN-H,mlp,42,0.4569999873638153,0.44544166326522827,-0.011558324098587036,0.44544166326522827,0.061760590221751385,0.07365219992010104,0.6299393277684502,0.8213882825592573
EvolveGCN-H,mlp,42,0.49939998984336853,0.4224948287010193,-0.07690516114234924,0.4224948287010193,0.061760590221751385,0.07365219992010104,0.6299393277684502,0.8213882825592573
EvolveGCN-H,mlp,42,0.41100001335144043,0.4842972159385681,0.07329720258712769,0.4842972159385681,0.061760590221751385,0.07365219992010104,0.6299393277684502,0.8213882825592573
EvolveGCN-H,mlp,42,0.3937999904155731,0.2665115296840668,-0.12728846073150635,0.2665115296840668,0.061760590221751385,0.07365219992010104,0.6299393277684502,0.8213882825592573
EvolveGCN-H,mlp,42,0.4205999970436096,0.3889720141887665,-0.03162798285484314,0.3889720141887665,0.061760590221751385,0.07365219992010104,0.6299393277684502,0.8213882825592573
EvolveGCN-H,mlp,42,0.10660000145435333,0.22715623676776886,0.12055623531341553,0.22715623676776886,0.061760590221751385,0.07365219992010104,0.6299393277684502,0.8213882825592573
EvolveGCN-H,mlp,42,0.23980000615119934,0.3070029616355896,0.06720295548439026,0.3070029616355896,0.061760590221751385,0.07365219992010104,0.6299393277684502,0.8213882825592573
EvolveGCN-H,mlp,42,0.10100000351667404,0.22715623676776886,0.12615623325109482,0.22715623676776886,0.061760590221751385,0.07365219992010104,0.6299393277684502,0.8213882825592573
EvolveGCN-H,mlp,42,0.10419999808073044,0.22715623676776886,0.12295623868703842,0.22715623676776886,0.061760590221751385,0.07365219992010104,0.6299393277684502,0.8213882825592573
EvolveGCN-H,mlp,42,0.3149999976158142,0.28884729743003845,-0.026152700185775757,0.28884729743003845,0.061760590221751385,0.07365219992010104,0.6299393277684502,0.8213882825592573
EvolveGCN-H,mlp,42,0.44699999690055847,0.42391544580459595,-0.023084551095962524,0.42391544580459595,0.061760590221751385,0.07365219992010104,0.6299393277684502,0.8213882825592573
EvolveGCN-H,mlp,42,0.423799991607666,0.4090860188007355,-0.014713972806930542,0.4090860188007355,0.061760590221751385,0.07365219992010104,0.6299393277684502,0.8213882825592573
EvolveGCN-H,mlp,42,0.131400004029274,0.22715623676776886,0.09575623273849487,0.22715623676776886,0.061760590221751385,0.07365219992010104,0.6299393277684502,0.8213882825592573
EvolveGCN-H,mlp,42,0.4325999915599823,0.39241230487823486,-0.040187686681747437,0.39241230487823486,0.061760590221751385,0.07365219992010104,0.6299393277684502,0.8213882825592573
EvolveGCN-H,mlp,42,0.39500001072883606,0.31645485758781433,-0.07854515314102173,0.31645485758781433,0.061760590221751385,0.07365219992010104,0.6299393277684502,0.8213882825592573
EvolveGCN-H,mlp,42,0.2930000126361847,0.32793790102005005,0.034937888383865356,0.32793790102005005,0.061760590221751385,0.07365219992010104,0.6299393277684502,0.8213882825592573
EvolveGCN-H,mlp,42,0.47540000081062317,0.32867345213890076,-0.1467265486717224,0.32867345213890076,0.061760590221751385,0.07365219992010104,0.6299393277684502,0.8213882825592573
EvolveGCN-H,mlp,42,0.22939999401569366,0.26735126972198486,0.0379512757062912,0.26735126972198486,0.061760590221751385,0.07365219992010104,0.6299393277684502,0.8213882825592573
EvolveGCN-H,mlp,42,0.13580000400543213,0.22715623676776886,0.09135623276233673,0.22715623676776886,0.061760590221751385,0.07365219992010104,0.6299393277684502,0.8213882825592573
EvolveGCN-H,mlp,42,0.4657999873161316,0.4491424560546875,-0.016657531261444092,0.4491424560546875,0.061760590221751385,0.07365219992010104,0.6299393277684502,0.8213882825592573
EvolveGCN-H,mlp,42,0.49540001153945923,0.5585076212882996,0.06310760974884033,0.5585076212882996,0.061760590221751385,0.07365219992010104,0.6299393277684502,0.8213882825592573
EvolveGCN-H,mlp,42,0.2849999964237213,0.28836533427238464,0.00336533784866333,0.28836533427238464,0.061760590221751385,0.07365219992010104,0.6299393277684502,0.8213882825592573
EvolveGCN-H,mlp,42,0.3441999852657318,0.22715623676776886,-0.11704374849796295,0.22715623676776886,0.061760590221751385,0.07365219992010104,0.6299393277684502,0.8213882825592573
EvolveGCN-H,mlp,42,0.2078000009059906,0.2623232901096344,0.0545232892036438,0.2623232901096344,0.061760590221751385,0.07365219992010104,0.6299393277684502,0.8213882825592573
EvolveGCN-H,mlp,42,0.2921999990940094,0.25006458163261414,-0.042135417461395264,0.25006458163261414,0.061760590221751385,0.07365219992010104,0.6299393277684502,0.8213882825592573
EvolveGCN-H,mlp,42,0.3425999879837036,0.3433244228363037,0.0007244348526000977,0.3433244228363037,0.061760590221751385,0.07365219992010104,0.6299393277684502,0.8213882825592573
EvolveGCN-H,mlp,42,0.18940000236034393,0.22715623676776886,0.03775623440742493,0.22715623676776886,0.061760590221751385,0.07365219992010104,0.6299393277684502,0.8213882825592573
EvolveGCN-H,mlp,42,0.49059998989105225,0.3742358088493347,-0.11636418104171753,0.3742358088493347,0.061760590221751385,0.07365219992010104,0.6299393277684502,0.8213882825592573
EvolveGCN-H,mlp,42,0.16699999570846558,0.22815847396850586,0.06115847826004028,0.22815847396850586,0.061760590221751385,0.07365219992010104,0.6299393277684502,0.8213882825592573
EvolveGCN-H,mlp,42,0.33739998936653137,0.2917797267436981,-0.04562026262283325,0.2917797267436981,0.061760590221751385,0.07365219992010104,0.6299393277684502,0.8213882825592573
EvolveGCN-H,mlp,42,0.4765999913215637,0.41090822219848633,-0.06569176912307739,0.41090822219848633,0.061760590221751385,0.07365219992010104,0.6299393277684502,0.8213882825592573
EvolveGCN-H,mlp,42,0.4169999957084656,0.3161841630935669,-0.10081583261489868,0.3161841630935669,0.061760590221751385,0.07365219992010104,0.6299393277684502,0.8213882825592573
EvolveGCN-H,mlp,42,0.31220000982284546,0.3186025023460388,0.006402492523193359,0.3186025023460388,0.061760590221751385,0.07365219992010104,0.6299393277684502,0.8213882825592573
EvolveGCN-H,mlp,42,0.2718000113964081,0.34555891156196594,0.07375890016555786,0.34555891156196594,0.061760590221751385,0.07365219992010104,0.6299393277684502,0.8213882825592573
EvolveGCN-H,mlp,42,0.33219999074935913,0.27901750802993774,-0.05318248271942139,0.27901750802993774,0.061760590221751385,0.07365219992010104,0.6299393277684502,0.8213882825592573
EvolveGCN-H,mlp,42,0.48339998722076416,0.32102328538894653,-0.16237670183181763,0.32102328538894653,0.061760590221751385,0.07365219992010104,0.6299393277684502,0.8213882825592573
EvolveGCN-H,mlp,42,0.40139999985694885,0.31690409779548645,-0.0844959020614624,0.31690409779548645,0.061760590221751385,0.07365219992010104,0.6299393277684502,0.8213882825592573
EvolveGCN-H,mlp,42,0.358599990606308,0.27912822365760803,-0.07947176694869995,0.27912822365760803,0.061760590221751385,0.07365219992010104,0.6299393277684502,0.8213882825592573
EvolveGCN-H,mlp,42,0.43860000371932983,0.3503708243370056,-0.08822917938232422,0.3503708243370056,0.061760590221751385,0.07365219992010104,0.6299393277684502,0.8213882825592573
EvolveGCN-H,mlp,42,0.41339999437332153,0.2986871600151062,-0.11471283435821533,0.2986871600151062,0.061760590221751385,0.07365219992010104,0.6299393277684502,0.8213882825592573
EvolveGCN-H,mlp,42,0.25699999928474426,0.3306525945663452,0.07365259528160095,0.3306525945663452,0.061760590221751385,0.07365219992010104,0.6299393277684502,0.8213882825592573
EvolveGCN-H,mlp,42,0.3529999852180481,0.3567817211151123,0.003781735897064209,0.3567817211151123,0.061760590221751385,0.07365219992010104,0.6299393277684502,0.8213882825592573
EvolveGCN-H,mlp,42,0.3921999931335449,0.4030628204345703,0.01086282730102539,0.4030628204345703,0.061760590221751385,0.07365219992010104,0.6299393277684502,0.8213882825592573
EvolveGCN-H,mlp,42,0.420199990272522,0.42173904180526733,0.0015390515327453613,0.42173904180526733,0.061760590221751385,0.07365219992010104,0.6299393277684502,0.8213882825592573
EvolveGCN-H,mlp,42,0.36340001225471497,0.2767278254032135,-0.08667218685150146,0.2767278254032135,0.061760590221751385,0.07365219992010104,0.6299393277684502,0.8213882825592573
EvolveGCN-H,mlp,42,0.39259999990463257,0.4114502966403961,0.01885029673576355,0.4114502966403961,0.061760590221751385,0.07365219992010104,0.6299393277684502,0.8213882825592573
EvolveGCN-H,mlp,42,0.3862000107765198,0.3761190176010132,-0.010080993175506592,0.3761190176010132,0.061760590221751385,0.07365219992010104,0.6299393277684502,0.8213882825592573
EvolveGCN-H,mlp,42,0.2897999882698059,0.329342782497406,0.0395427942276001,0.329342782497406,0.061760590221751385,0.07365219992010104,0.6299393277684502,0.8213882825592573
EvolveGCN-H,mlp,42,0.4706000089645386,0.38618263602256775,-0.08441737294197083,0.38618263602256775,0.061760590221751385,0.07365219992010104,0.6299393277684502,0.8213882825592573
EvolveGCN-H,mlp,42,0.3409999907016754,0.3477361798286438,0.006736189126968384,0.3477361798286438,0.061760590221751385,0.07365219992010104,0.6299393277684502,0.8213882825592573
EvolveGCN-H,mlp,42,0.18060000240802765,0.22715623676776886,0.04655623435974121,0.22715623676776886,0.061760590221751385,0.07365219992010104,0.6299393277684502,0.8213882825592573
EvolveGCN-H,mlp,42,0.26260000467300415,0.22715623676776886,-0.03544376790523529,0.22715623676776886,0.061760590221751385,0.07365219992010104,0.6299393277684502,0.8213882825592573
EvolveGCN-H,mlp,42,0.10499999672174454,0.22715623676776886,0.12215624004602432,0.22715623676776886,0.061760590221751385,0.07365219992010104,0.6299393277684502,0.8213882825592573
EvolveGCN-H,mlp,42,0.32179999351501465,0.23665562272071838,-0.08514437079429626,0.23665562272071838,0.061760590221751385,0.07365219992010104,0.6299393277684502,0.8213882825592573
EvolveGCN-H,mlp,42,0.47940000891685486,0.4243946075439453,-0.055005401372909546,0.4243946075439453,0.061760590221751385,0.07365219992010104,0.6299393277684502,0.8213882825592573
EvolveGCN-H,mlp,42,0.14740000665187836,0.28009870648384094,0.13269869983196259,0.28009870648384094,0.061760590221751385,0.07365219992010104,0.6299393277684502,0.8213882825592573
EvolveGCN-H,mlp,42,0.2750000059604645,0.3227032423019409,0.04770323634147644,0.3227032423019409,0.061760590221751385,0.07365219992010104,0.6299393277684502,0.8213882825592573
EvolveGCN-H,mlp,42,0.40779998898506165,0.31026652455329895,-0.0975334644317627,0.31026652455329895,0.061760590221751385,0.07365219992010104,0.6299393277684502,0.8213882825592573
EvolveGCN-H,mlp,42,0.45660001039505005,0.39099305868148804,-0.06560695171356201,0.39099305868148804,0.061760590221751385,0.07365219992010104,0.6299393277684502,0.8213882825592573
EvolveGCN-H,mlp,42,0.2117999941110611,0.24875836074352264,0.03695836663246155,0.24875836074352264,0.061760590221751385,0.07365219992010104,0.6299393277684502,0.8213882825592573
EvolveGCN-H,mlp,42,0.10740000009536743,0.22715623676776886,0.11975623667240143,0.22715623676776886,0.061760590221751385,0.07365219992010104,0.6299393277684502,0.8213882825592573
EvolveGCN-H,mlp,42,0.3874000012874603,0.3041638135910034,-0.08323618769645691,0.3041638135910034,0.061760590221751385,0.07365219992010104,0.6299393277684502,0.8213882825592573
EvolveGCN-H,mlp,42,0.3353999853134155,0.3219705820083618,-0.013429403305053711,0.3219705820083618,0.061760590221751385,0.07365219992010104,0.6299393277684502,0.8213882825592573
EvolveGCN-H,mlp,42,0.4374000132083893,0.35395193099975586,-0.08344808220863342,0.35395193099975586,0.061760590221751385,0.07365219992010104,0.6299393277684502,0.8213882825592573
EvolveGCN-H,mlp,42,0.19499999284744263,0.22715623676776886,0.03215624392032623,0.22715623676776886,0.061760590221751385,0.07365219992010104,0.6299393277684502,0.8213882825592573
EvolveGCN-H,mlp,42,0.46779999136924744,0.3870786428451538,-0.08072134852409363,0.3870786428451538,0.061760590221751385,0.07365219992010104,0.6299393277684502,0.8213882825592573
EvolveGCN-H,mlp,42,0.4458000063896179,0.43520793318748474,-0.010592073202133179,0.43520793318748474,0.061760590221751385,0.07365219992010104,0.6299393277684502,0.8213882825592573
EvolveGCN-H,mlp,42,0.16259999573230743,0.26243555545806885,0.09983555972576141,0.26243555545806885,0.061760590221751385,0.07365219992010104,0.6299393277684502,0.8213882825592573
EvolveGCN-H,mlp,42,0.49459999799728394,0.4455031752586365,-0.04909682273864746,0.4455031752586365,0.061760590221751385,0.07365219992010104,0.6299393277684502,0.8213882825592573
EvolveGCN-H,mlp,42,0.2549999952316284,0.26408347487449646,0.009083479642868042,0.26408347487449646,0.061760590221751385,0.07365219992010104,0.6299393277684502,0.8213882825592573
EvolveGCN-H,mlp,42,0.21940000355243683,0.2412317991256714,0.021831795573234558,0.2412317991256714,0.061760590221751385,0.07365219992010104,0.6299393277684502,0.8213882825592573
EvolveGCN-H,mlp,42,0.3434000015258789,0.303921103477478,-0.03947889804840088,0.303921103477478,0.061760590221751385,0.07365219992010104,0.6299393277684502,0.8213882825592573
EvolveGCN-H,mlp,42,0.38499999046325684,0.28805068135261536,-0.09694930911064148,0.28805068135261536,0.061760590221751385,0.07365219992010104,0.6299393277684502,0.8213882825592573
EvolveGCN-H,mlp,42,0.12300000339746475,0.22715623676776886,0.10415623337030411,0.22715623676776886,0.061760590221751385,0.07365219992010104,0.6299393277684502,0.8213882825592573
EvolveGCN-H,mlp,42,0.1785999983549118,0.22715623676776886,0.048556238412857056,0.22715623676776886,0.061760590221751385,0.07365219992010104,0.6299393277684502,0.8213882825592573
EvolveGCN-H,mlp,42,0.14339999854564667,0.23370854556560516,0.0903085470199585,0.23370854556560516,0.061760590221751385,0.07365219992010104,0.6299393277684502,0.8213882825592573
EvolveGCN-H,mlp,42,0.1550000011920929,0.23124825954437256,0.07624825835227966,0.23124825954437256,0.061760590221751385,0.07365219992010104,0.6299393277684502,0.8213882825592573
EvolveGCN-H,mlp,42,0.18299999833106995,0.22715623676776886,0.044156238436698914,0.22715623676776886,0.061760590221751385,0.07365219992010104,0.6299393277684502,0.8213882825592573
EvolveGCN-H,mlp,42,0.4474000036716461,0.3454091548919678,-0.10199084877967834,0.3454091548919678,0.061760590221751385,0.07365219992010104,0.6299393277684502,0.8213882825592573
EvolveGCN-H,mlp,42,0.47859999537467957,0.4587140679359436,-0.019885927438735962,0.4587140679359436,0.061760590221751385,0.07365219992010104,0.6299393277684502,0.8213882825592573
EvolveGCN-H,mlp,42,0.2777999937534332,0.2861557602882385,0.008355766534805298,0.2861557602882385,0.061760590221751385,0.07365219992010104,0.6299393277684502,0.8213882825592573
EvolveGCN-H,mlp,42,0.16899999976158142,0.22715623676776886,0.05815623700618744,0.22715623676776886,0.061760590221751385,0.07365219992010104,0.6299393277684502,0.8213882825592573
EvolveGCN-H,mlp,42,0.1534000039100647,0.2564030885696411,0.10300308465957642,0.2564030885696411,0.061760590221751385,0.07365219992010104,0.6299393277684502,0.8213882825592573
EvolveGCN-H,mlp,42,0.19580000638961792,0.34801703691482544,0.15221703052520752,0.34801703691482544,0.061760590221751385,0.07365219992010104,0.6299393277684502,0.8213882825592573
EvolveGCN-H,mlp,42,0.21140000224113464,0.26146793365478516,0.05006793141365051,0.26146793365478516,0.061760590221751385,0.07365219992010104,0.6299393277684502,0.8213882825592573
EvolveGCN-H,mlp,42,0.4498000144958496,0.3381115794181824,-0.11168843507766724,0.3381115794181824,0.061760590221751385,0.07365219992010104,0.6299393277684502,0.8213882825592573
EvolveGCN-H,mlp,42,0.4514000117778778,0.3664940297603607,-0.08490598201751709,0.3664940297603607,0.061760590221751385,0.07365219992010104,0.6299393277684502,0.8213882825592573
EvolveGCN-H,mlp,42,0.16779999434947968,0.22715623676776886,0.059356242418289185,0.22715623676776886,0.061760590221751385,0.07365219992010104,0.6299393277684502,0.8213882825592573
EvolveGCN-H,mlp,42,0.4702000021934509,0.3903471827507019,-0.07985281944274902,0.3903471827507019,0.061760590221751385,0.07365219992010104,0.6299393277684502,0.8213882825592573
EvolveGCN-H,mlp,42,0.32339999079704285,0.3031666874885559,-0.02023330330848694,0.3031666874885559,0.061760590221751385,0.07365219992010104,0.6299393277684502,0.8213882825592573
EvolveGCN-H,mlp,42,0.24420000612735748,0.2776026725769043,0.033402666449546814,0.2776026725769043,0.061760590221751385,0.07365219992010104,0.6299393277684502,0.8213882825592573
EvolveGCN-H,mlp,42,0.22540000081062317,0.2725779116153717,0.047177910804748535,0.2725779116153717,0.061760590221751385,0.07365219992010104,0.6299393277684502,0.8213882825592573
EvolveGCN-H,mlp,42,0.21220000088214874,0.22715623676776886,0.014956235885620117,0.22715623676776886,0.061760590221751385,0.07365219992010104,0.6299393277684502,0.8213882825592573
EvolveGCN-H,mlp,42,0.33500000834465027,0.3254360854625702,-0.009563922882080078,0.3254360854625702,0.061760590221751385,0.07365219992010104,0.6299393277684502,0.8213882825592573
EvolveGCN-H,mlp,42,0.2533999979496002,0.2749115824699402,0.021511584520339966,0.2749115824699402,0.061760590221751385,0.07365219992010104,0.6299393277684502,0.8213882825592573
EvolveGCN-H,mlp,42,0.4878000020980835,0.4443690776824951,-0.04343092441558838,0.4443690776824951,0.061760590221751385,0.07365219992010104,0.6299393277684502,0.8213882825592573
EvolveGCN-H,mlp,42,0.4074000120162964,0.4031522870063782,-0.004247725009918213,0.4031522870063782,0.061760590221751385,0.07365219992010104,0.6299393277684502,0.8213882825592573
EvolveGCN-H,mlp,42,0.14579999446868896,0.260260671377182,0.11446067690849304,0.260260671377182,0.061760590221751385,0.07365219992010104,0.6299393277684502,0.8213882825592573
EvolveGCN-H,mlp,42,0.3962000012397766,0.3789931833744049,-0.017206817865371704,0.3789931833744049,0.061760590221751385,0.07365219992010104,0.6299393277684502,0.8213882825592573
EvolveGCN-H,mlp,42,0.3630000054836273,0.43326812982559204,0.07026812434196472,0.43326812982559204,0.061760590221751385,0.07365219992010104,0.6299393277684502,0.8213882825592573
EvolveGCN-H,mlp,42,0.2614000141620636,0.2380288690328598,-0.023371145129203796,0.2380288690328598,0.061760590221751385,0.07365219992010104,0.6299393277684502,0.8213882825592573
EvolveGCN-H,mlp,42,0.4429999887943268,0.44736844301223755,0.004368454217910767,0.44736844301223755,0.061760590221751385,0.07365219992010104,0.6299393277684502,0.8213882825592573
EvolveGCN-H,mlp,42,0.4546000063419342,0.4651440680027008,0.010544061660766602,0.4651440680027008,0.061760590221751385,0.07365219992010104,0.6299393277684502,0.8213882825592573
EvolveGCN-H,mlp,42,0.4041999876499176,0.4113352298736572,0.007135242223739624,0.4113352298736572,0.061760590221751385,0.07365219992010104,0.6299393277684502,0.8213882825592573
EvolveGCN-H,mlp,42,0.14419999718666077,0.22715623676776886,0.0829562395811081,0.22715623676776886,0.061760590221751385,0.07365219992010104,0.6299393277684502,0.8213882825592573
EvolveGCN-H,mlp,42,0.39820000529289246,0.2958575487136841,-0.10234245657920837,0.2958575487136841,0.061760590221751385,0.07365219992010104,0.6299393277684502,0.8213882825592573
EvolveGCN-H,mlp,42,0.3102000057697296,0.36282163858413696,0.05262163281440735,0.36282163858413696,0.061760590221751385,0.07365219992010104,0.6299393277684502,0.8213882825592573
EvolveGCN-H,mlp,42,0.2962000072002411,0.29930102825164795,0.0031010210514068604,0.29930102825164795,0.061760590221751385,0.07365219992010104,0.6299393277684502,0.8213882825592573
EvolveGCN-H,mlp,42,0.11659999936819077,0.22715623676776886,0.1105562373995781,0.22715623676776886,0.061760590221751385,0.07365219992010104,0.6299393277684502,0.8213882825592573
EvolveGCN-H,mlp,42,0.19619999825954437,0.22715623676776886,0.030956238508224487,0.22715623676776886,0.061760590221751385,0.07365219992010104,0.6299393277684502,0.8213882825592573
EvolveGCN-H,mlp,42,0.35100001096725464,0.30370625853538513,-0.04729375243186951,0.30370625853538513,0.061760590221751385,0.07365219992010104,0.6299393277684502,0.8213882825592573
EvolveGCN-H,mlp,42,0.3614000082015991,0.37701529264450073,0.015615284442901611,0.37701529264450073,0.061760590221751385,0.07365219992010104,0.6299393277684502,0.8213882825592573
EvolveGCN-H,mlp,42,0.2013999968767166,0.3626653254032135,0.1612653285264969,0.3626653254032135,0.061760590221751385,0.07365219992010104,0.6299393277684502,0.8213882825592573
EvolveGCN-H,mlp,42,0.16940000653266907,0.22715623676776886,0.05775623023509979,0.22715623676776886,0.061760590221751385,0.07365219992010104,0.6299393277684502,0.8213882825592573
EvolveGCN-H,mlp,42,0.28220000863075256,0.2366219162940979,-0.04557809233665466,0.2366219162940979,0.061760590221751385,0.07365219992010104,0.6299393277684502,0.8213882825592573
EvolveGCN-H,mlp,42,0.10260000079870224,0.22715623676776886,0.12455623596906662,0.22715623676776886,0.061760590221751385,0.07365219992010104,0.6299393277684502,0.8213882825592573
EvolveGCN-H,mlp,42,0.38100001215934753,0.46460282802581787,0.08360281586647034,0.46460282802581787,0.061760590221751385,0.07365219992010104,0.6299393277684502,0.8213882825592573
EvolveGCN-H,mlp,42,0.35339999198913574,0.28447219729423523,-0.06892779469490051,0.28447219729423523,0.061760590221751385,0.07365219992010104,0.6299393277684502,0.8213882825592573
EvolveGCN-H,mlp,42,0.28780001401901245,0.3074497580528259,0.019649744033813477,0.3074497580528259,0.061760590221751385,0.07365219992010104,0.6299393277684502,0.8213882825592573
EvolveGCN-H,mlp,42,0.4097999930381775,0.35764211416244507,-0.05215787887573242,0.35764211416244507,0.061760590221751385,0.07365219992010104,0.6299393277684502,0.8213882825592573
EvolveGCN-H,mlp,42,0.3222000002861023,0.3476799428462982,0.025479942560195923,0.3476799428462982,0.061760590221751385,0.07365219992010104,0.6299393277684502,0.8213882825592573
EvolveGCN-H,mlp,42,0.47620001435279846,0.3814932107925415,-0.09470680356025696,0.3814932107925415,0.061760590221751385,0.07365219992010104,0.6299393277684502,0.8213882825592573
EvolveGCN-H,mlp,42,0.4869999885559082,0.41093915700912476,-0.07606083154678345,0.41093915700912476,0.061760590221751385,0.07365219992010104,0.6299393277684502,0.8213882825592573
EvolveGCN-H,mlp,42,0.23420000076293945,0.29019272327423096,0.055992722511291504,0.29019272327423096,0.061760590221751385,0.07365219992010104,0.6299393277684502,0.8213882825592573
EvolveGCN-H,mlp,42,0.12020000070333481,0.22715623676776886,0.10695623606443405,0.22715623676776886,0.061760590221751385,0.07365219992010104,0.6299393277684502,0.8213882825592573
EvolveGCN-H,mlp,42,0.28299999237060547,0.25113528966903687,-0.031864702701568604,0.25113528966903687,0.061760590221751385,0.07365219992010104,0.6299393277684502,0.8213882825592573
EvolveGCN-H,mlp,42,0.13819999992847443,0.22715623676776886,0.08895623683929443,0.22715623676776886,0.061760590221751385,0.07365219992010104,0.6299393277684502,0.8213882825592573
EvolveGCN-H,mlp,42,0.3301999866962433,0.309103786945343,-0.02109619975090027,0.309103786945343,0.061760590221751385,0.07365219992010104,0.6299393277684502,0.8213882825592573
EvolveGCN-H,mlp,42,0.24899999797344208,0.3139219880104065,0.06492199003696442,0.3139219880104065,0.061760590221751385,0.07365219992010104,0.6299393277684502,0.8213882825592573
EvolveGCN-H,mlp,42,0.34540000557899475,0.35163238644599915,0.0062323808670043945,0.35163238644599915,0.061760590221751385,0.07365219992010104,0.6299393277684502,0.8213882825592573
EvolveGCN-H,mlp,42,0.17100000381469727,0.22715623676776886,0.056156232953071594,0.22715623676776886,0.061760590221751385,0.07365219992010104,0.6299393277684502,0.8213882825592573
EvolveGCN-H,mlp,42,0.4690000116825104,0.3092879354953766,-0.1597120761871338,0.3092879354953766,0.061760590221751385,0.07365219992010104,0.6299393277684502,0.8213882825592573
EvolveGCN-H,mlp,42,0.44859999418258667,0.3622802495956421,-0.08631974458694458,0.3622802495956421,0.061760590221751385,0.07365219992010104,0.6299393277684502,0.8213882825592573
EvolveGCN-H,mlp,42,0.4918000102043152,0.3755817413330078,-0.11621826887130737,0.3755817413330078,0.061760590221751385,0.07365219992010104,0.6299393277684502,0.8213882825592573
EvolveGCN-H,mlp,42,0.35659998655319214,0.35787004232406616,0.0012700557708740234,0.35787004232406616,0.061760590221751385,0.07365219992010104,0.6299393277684502,0.8213882825592573
EvolveGCN-H,mlp,42,0.38179999589920044,0.30731117725372314,-0.0744888186454773,0.30731117725372314,0.061760590221751385,0.07365219992010104,0.6299393277684502,0.8213882825592573
EvolveGCN-H,mlp,42,0.13220000267028809,0.22715623676776886,0.09495623409748077,0.22715623676776886,0.061760590221751385,0.07365219992010104,0.6299393277684502,0.8213882825592573
EvolveGCN-H,mlp,42,0.37619999051094055,0.34116584062576294,-0.03503414988517761,0.34116584062576294,0.061760590221751385,0.07365219992010104,0.6299393277684502,0.8213882825592573
EvolveGCN-H,mlp,42,0.33180001378059387,0.2922840714454651,-0.039515942335128784,0.2922840714454651,0.061760590221751385,0.07365219992010104,0.6299393277684502,0.8213882825592573
EvolveGCN-H,mlp,42,0.4406000077724457,0.2828071713447571,-0.1577928364276886,0.2828071713447571,0.061760590221751385,0.07365219992010104,0.6299393277684502,0.8213882825592573
EvolveGCN-H,mlp,42,0.17059999704360962,0.22715623676776886,0.05655623972415924,0.22715623676776886,0.061760590221751385,0.07365219992010104,0.6299393277684502,0.8213882825592573
EvolveGCN-H,mlp,42,0.13699999451637268,0.22715623676776886,0.09015624225139618,0.22715623676776886,0.061760590221751385,0.07365219992010104,0.6299393277684502,0.8213882825592573
EvolveGCN-H,mlp,42,0.29980000853538513,0.27917662262916565,-0.020623385906219482,0.27917662262916565,0.061760590221751385,0.07365219992010104,0.6299393277684502,0.8213882825592573
EvolveGCN-H,mlp,42,0.46700000762939453,0.37533414363861084,-0.09166586399078369,0.37533414363861084,0.061760590221751385,0.07365219992010104,0.6299393277684502,0.8213882825592573
EvolveGCN-H,mlp,42,0.1477999985218048,0.22715623676776886,0.07935623824596405,0.22715623676776886,0.061760590221751385,0.07365219992010104,0.6299393277684502,0.8213882825592573
EvolveGCN-H,mlp,42,0.334199994802475,0.2840058505535126,-0.0501941442489624,0.2840058505535126,0.061760590221751385,0.07365219992010104,0.6299393277684502,0.8213882825592573
EvolveGCN-H,mlp,42,0.33820000290870667,0.39808034896850586,0.059880346059799194,0.39808034896850586,0.061760590221751385,0.07365219992010104,0.6299393277684502,0.8213882825592573
EvolveGCN-H,mlp,42,0.11620000004768372,0.22715623676776886,0.11095623672008514,0.22715623676776886,0.061760590221751385,0.07365219992010104,0.6299393277684502,0.8213882825592573
EvolveGCN-H,mlp,42,0.3490000069141388,0.2967130243778229,-0.05228698253631592,0.2967130243778229,0.061760590221751385,0.07365219992010104,0.6299393277684502,0.8213882825592573
EvolveGCN-H,mlp,42,0.11779999732971191,0.22715623676776886,0.10935623943805695,0.22715623676776886,0.061760590221751385,0.07365219992010104,0.6299393277684502,0.8213882825592573
EvolveGCN-H,mlp,42,0.4262000024318695,0.47787535190582275,0.05167534947395325,0.47787535190582275,0.061760590221751385,0.07365219992010104,0.6299393277684502,0.8213882825592573
EvolveGCN-H,mlp,42,0.12620000541210175,0.22715623676776886,0.10095623135566711,0.22715623676776886,0.061760590221751385,0.07365219992010104,0.6299393277684502,0.8213882825592573
EvolveGCN-H,mlp,42,0.28380000591278076,0.2933703064918518,0.009570300579071045,0.2933703064918518,0.061760590221751385,0.07365219992010104,0.6299393277684502,0.8213882825592573
EvolveGCN-H,mlp,42,0.32260000705718994,0.31569916009902954,-0.0069008469581604,0.31569916009902954,0.061760590221751385,0.07365219992010104,0.6299393277684502,0.8213882825592573
EvolveGCN-H,mlp,42,0.18539999425411224,0.22715623676776886,0.041756242513656616,0.22715623676776886,0.061760590221751385,0.07365219992010104,0.6299393277684502,0.8213882825592573
EvolveGCN-H,mlp,42,0.44780001044273376,0.4240615665912628,-0.023738443851470947,0.4240615665912628,0.061760590221751385,0.07365219992010104,0.6299393277684502,0.8213882825592573
